CREATE TABLE Accommodation
(
accommodation_id int NOT NULL,
name varchar(200),
description varchar(1000),
PRIMARY KEY (accommodation_id)
);


CREATE TABLE  Professor
(
professor_id int NOT NULL,
first_name varchar(20),
last_name varchar(20),
cp_username varchar(20),
PRIMARY KEY (professor_id)
);


CREATE TABLE Class
(
class_id int NOT NULL,
department varchar(20) NOT NULL,
catalog_number int,
section_number int,
professor_id int,
PRIMARY KEY (class_id)
);


ALTER TABLE Class
ADD FOREIGN KEY (professor_id) references professor(professor_id);


CREATE TABLE  Disability
(
disability_id int NOT NULL,
name varchar(200),
description varchar(1000),
PRIMARY KEY (disability_id)
);


CREATE TABLE  Disability_Accommodation_Map
(
accommodation_id int NOT NULL,
disability_id int NOT NULL,
);


CREATE TABLE  Exam
(
exam_id int NOT NULL,
class_id int NOT NULL,
date_adminstered date,
materials_allowed varchar(200),
PRIMARY KEY (exam_id)
);
ALTER TABLE Exam
ADD FOREIGN KEY (class_id) references class(class_id);


CREATE TABLE  Exam_Student_Map
(
exam_id int NOT NULL,
student_id int NOT NULL,
);


ALTER TABLE Exam_Student_Map
ADD FOREIGN KEY (exam_id) references exam(exam_id);


ALTER TABLE Exam_Student_Map
ADD FOREIGN KEY (student_id) references student(student_id);


CREATE TABLE Student_Disability_Map
(
disability_id int NOT NULL,
student_id int NOT NULL,
);




ALTER TABLE Student_Disability_Map
ADD FOREIGN KEY (student_id) references student(student_id);


ALTER TABLE Student_Disability_Map
ADD FOREIGN KEY (disability_id) references disability(disability_id);


CREATE TABLE  Students
(
student_id int NOT NULL,
first_name varchar(20) NOT NULL,
last_name varchar(20),
cp_username varchar(20),
PRIMARY KEY (student_id)
);


CREATE TABLE  Student_Class_Map
(
class_id int NOT NULL,
student_id int NOT NULL,
);


ALTER TABLE Student_Class_Map
ADD FOREIGN KEY (student_id) references student(student_id);


ALTER TABLE Student_Class_Map
ADD FOREIGN KEY (class_id) references class(class_id);


/*insert into accomodation table*/


INSERT INTO Accommodation (Accomodation_ID, Name, Description) VALUES ('167524','Extended Time','Student is able to have extra time to complete their exam');
	INSERT INTO Accommodation (Accomodation_ID, Name, Description) VALUES ('134264','Exam Make Up','Student is able to make up their exam if their disability interferes with exam');
	INSERT INTO Accommodation (Accomodation_ID, Name, Description) VALUES ('131996','Accessible Seating','Student has an adjustable table');
	INSERT INTO Accommodation (Accomodation_ID, Name, Description) VALUES ('150196','Dragon','Software that types what student says into microphone');
	INSERT INTO Accommodation (Accomodation_ID, Name, Description) VALUES ('190784','Read and Write Gold','Software that reads computer text to student');
	INSERT INTO Accommodation (Accomodation_ID, Name, Description) VALUES ('191700','Distraction Reduced','Student is seated in a room with less people');
	INSERT INTO Accommodation (Accomodation_ID, Name, Description) VALUES ('174631','Computer','Student is able to type test responses into a computer');
	INSERT INTO Accommodation (Accomodation_ID, Name, Description) VALUES ('192179','Breaks','Student can take breaks throughout the exam');
	INSERT INTO Accommodation (Accomodation_ID, Name, Description) VALUES ('101621','Magnifier','Student can look into magnifier to read exam');
	INSERT INTO Accommodation (Accomodation_ID, Name, Description) VALUES ('104266','Enlarged Print','Student''s exam is printed in a bigger font');
	INSERT INTO Accommodation (Accomodation_ID, Name, Description) VALUES ('109567','Calculator','Student is allowed to use a calculator on exam\, even if professor doesn''t specify');
	INSERT INTO Accommodation (Accomodation_ID, Name, Description) VALUES ('124648','White Board','Student can write answers on a whiteboard and take pictures to turn in');
	INSERT INTO Accommodation (Accomodation_ID, Name, Description) VALUES ('143899','White Noise','Student allowed to listen to music during exam');
	INSERT INTO Accommodation (Accomodation_ID, Name, Description) VALUES ('178932','Scribe','Student allowed assistance with filling out answers');
	

/*insert into professor table*/


INSERT INTO Professor (Professor_ID, First_Name, Last_Name, cp_username) VALUES ('733068211','Lynn','Hamilton','lhamilto');
	INSERT INTO Professor (Professor_ID, First_Name, Last_Name, cp_username) VALUES ('846793070','Michael','McCullough','mpmccull');
	INSERT INTO Professor (Professor_ID, First_Name, Last_Name, cp_username) VALUES ('755796577','Mark','Shelton','mshelton');
	INSERT INTO Professor (Professor_ID, First_Name, Last_Name, cp_username) VALUES ('670075905','Ann','De Lay','adelay');
	INSERT INTO Professor (Professor_ID, First_Name, Last_Name, cp_username) VALUES ('828271917','Jill','Nelson','jinelson');
	INSERT INTO Professor (Professor_ID, First_Name, Last_Name, cp_username) VALUES ('684312574','John','Lawson','jwlawson');
	INSERT INTO Professor (Professor_ID, First_Name, Last_Name, cp_username) VALUES ('969008871','Emily','White','ewhite14');
	INSERT INTO Professor (Professor_ID, First_Name, Last_Name, cp_username) VALUES ('787199194','Don','Choi','dchoi');
	INSERT INTO Professor (Professor_ID, First_Name, Last_Name, cp_username) VALUES ('737693435','Kathryn','McCormick','kmccormi');
	INSERT INTO Professor (Professor_ID, First_Name, Last_Name, cp_username) VALUES ('825220505','Juliana','Huzzey','jhuzzey');
	INSERT INTO Professor (Professor_ID, First_Name, Last_Name, cp_username) VALUES ('882541986','Mark','Edwards','msedward');
	INSERT INTO Professor (Professor_ID, First_Name, Last_Name, cp_username) VALUES ('958808442','Matthew','Burd','mburd');
	INSERT INTO Professor (Professor_ID, First_Name, Last_Name, cp_username) VALUES ('969375020','Fernando','Campos Chillon','lcamposc');
	INSERT INTO Professor (Professor_ID, First_Name, Last_Name, cp_username) VALUES ('773164557','John','Sharpe','jsharpe');
	INSERT INTO Professor (Professor_ID, First_Name, Last_Name, cp_username) VALUES ('929955704','Robert','Echols','rechols');
	INSERT INTO Professor (Professor_ID, First_Name, Last_Name, cp_username) VALUES ('836429118','John','Merriam','jmmerria');
	INSERT INTO Professor (Professor_ID, First_Name, Last_Name, cp_username) VALUES ('917863761','Joseph','Mello','jdmello');
	INSERT INTO Professor (Professor_ID, First_Name, Last_Name, cp_username) VALUES ('938287247','Michael','Black','mblack');
	INSERT INTO Professor (Professor_ID, First_Name, Last_Name, cp_username) VALUES ('756698670','Jason','Blank','jmblank');
	INSERT INTO Professor (Professor_ID, First_Name, Last_Name, cp_username) VALUES ('747550541','Kristin','Hardy','kmhardy');
	INSERT INTO Professor (Professor_ID, First_Name, Last_Name, cp_username) VALUES ('819983890','Gregory','Schwartz','gschwa01');
	INSERT INTO Professor (Professor_ID, First_Name, Last_Name, cp_username) VALUES ('776413309','Sara','Daubert','sdaubert');
	INSERT INTO Professor (Professor_ID, First_Name, Last_Name, cp_username) VALUES ('722547774','Carol','Janssen','cjanssen');
	INSERT INTO Professor (Professor_ID, First_Name, Last_Name, cp_username) VALUES ('931368445','James','Kaney','jkaney');
	INSERT INTO Professor (Professor_ID, First_Name, Last_Name, cp_username) VALUES ('755530269','Fatima','Kia','fsoleima');
	INSERT INTO Professor (Professor_ID, First_Name, Last_Name, cp_username) VALUES ('908212590','Janice','Cullers-Scott','jcullers');
	INSERT INTO Professor (Professor_ID, First_Name, Last_Name, cp_username) VALUES ('845635864','James','McDowell','jlmcdowe');
	INSERT INTO Professor (Professor_ID, First_Name, Last_Name, cp_username) VALUES ('803921959','Setareh','Pouraghabagher','spouragh');
	INSERT INTO Professor (Professor_ID, First_Name, Last_Name, cp_username) VALUES ('773600888','Janice','Odell','jlodell');
	INSERT INTO Professor (Professor_ID, First_Name, Last_Name, cp_username) VALUES ('842815565','Bing','Anderson','bianders');
	INSERT INTO Professor (Professor_ID, First_Name, Last_Name, cp_username) VALUES ('983137158','Ahmed','Deif','adeif');
	INSERT INTO Professor (Professor_ID, First_Name, Last_Name, cp_username) VALUES ('788865408','Jonathan','York','jlyork');
	INSERT INTO Professor (Professor_ID, First_Name, Last_Name, cp_username) VALUES ('708954627','Lee','Burgunder','lburgund');
	INSERT INTO Professor (Professor_ID, First_Name, Last_Name, cp_username) VALUES ('738597344','Douglas','Cerf','dcerf');
	INSERT INTO Professor (Professor_ID, First_Name, Last_Name, cp_username) VALUES ('951546582','Brian','Ayash','bayash');
	INSERT INTO Professor (Professor_ID, First_Name, Last_Name, cp_username) VALUES ('687436653','Larry','Gorman','lgorman');
	INSERT INTO Professor (Professor_ID, First_Name, Last_Name, cp_username) VALUES ('767256052','John','Marinovich','marinovi');
	INSERT INTO Professor (Professor_ID, First_Name, Last_Name, cp_username) VALUES ('763124291','Sanjiv','Jaggia','sjaggia');
	INSERT INTO Professor (Professor_ID, First_Name, Last_Name, cp_username) VALUES ('889747152','Sharon','Dobson','sdobson');
	INSERT INTO Professor (Professor_ID, First_Name, Last_Name, cp_username) VALUES ('853806436','Barry','Lieberman','balieber');
	INSERT INTO Professor (Professor_ID, First_Name, Last_Name, cp_username) VALUES ('844248941','Gary','Katz','gmkatz');
	INSERT INTO Professor (Professor_ID, First_Name, Last_Name, cp_username) VALUES ('671937371','Gregory','Steinberger','gsteinbe');
	INSERT INTO Professor (Professor_ID, First_Name, Last_Name, cp_username) VALUES ('798976336','Jeffrey','Hess','jhess');
	INSERT INTO Professor (Professor_ID, First_Name, Last_Name, cp_username) VALUES ('687940968','Lisa','Simon','lsimon');
	INSERT INTO Professor (Professor_ID, First_Name, Last_Name, cp_username) VALUES ('699680104','Mitch','Wolf','mjwolf');
	INSERT INTO Professor (Professor_ID, First_Name, Last_Name, cp_username) VALUES ('836301623','Calvin','Stevens','csteve20');
	INSERT INTO Professor (Professor_ID, First_Name, Last_Name, cp_username) VALUES ('600095463','Abraham','Shani','ashani');
	INSERT INTO Professor (Professor_ID, First_Name, Last_Name, cp_username) VALUES ('585129752','Jim','Burleson','jburles');
	INSERT INTO Professor (Professor_ID, First_Name, Last_Name, cp_username) VALUES ('801979180','Barry','Floyd','bfloyd');
	INSERT INTO Professor (Professor_ID, First_Name, Last_Name, cp_username) VALUES ('826624034','Gregg','Erickson','gerickso');
	INSERT INTO Professor (Professor_ID, First_Name, Last_Name, cp_username) VALUES ('737009753','Kevin','Lertwachara','klertwac');
	INSERT INTO Professor (Professor_ID, First_Name, Last_Name, cp_username) VALUES ('948759521','Neal','King','neking');
	INSERT INTO Professor (Professor_ID, First_Name, Last_Name, cp_username) VALUES ('786925531','Matthew','Whitehead','mawhiteh');
	INSERT INTO Professor (Professor_ID, First_Name, Last_Name, cp_username) VALUES ('873504787','Alfred','Castillo','acasti63');
	INSERT INTO Professor (Professor_ID, First_Name, Last_Name, cp_username) VALUES ('958664263','Bruce','Greenbaum','bgreenba');
	INSERT INTO Professor (Professor_ID, First_Name, Last_Name, cp_username) VALUES ('960511109','Barry','VanderKelen','bvanderk');
	INSERT INTO Professor (Professor_ID, First_Name, Last_Name, cp_username) VALUES ('676274686','Colleen','Duffy','cduffysm');
	INSERT INTO Professor (Professor_ID, First_Name, Last_Name, cp_username) VALUES ('718100400','Kathryn','Eppright','kepprigh');
	INSERT INTO Professor (Professor_ID, First_Name, Last_Name, cp_username) VALUES ('980447449','Monika','Palma','mopalma');
	INSERT INTO Professor (Professor_ID, First_Name, Last_Name, cp_username) VALUES ('799395480','Garland','Durham','gbdurham');
	INSERT INTO Professor (Professor_ID, First_Name, Last_Name, cp_username) VALUES ('916641258','Mahdi','Rastad','mrastad');
	INSERT INTO Professor (Professor_ID, First_Name, Last_Name, cp_username) VALUES ('927252068','John','Dobson','jdobson');
	INSERT INTO Professor (Professor_ID, First_Name, Last_Name, cp_username) VALUES ('673085740','Denise','Daniels','ddaniels');
	INSERT INTO Professor (Professor_ID, First_Name, Last_Name, cp_username) VALUES ('942701184','Jose','Huitron','johuitro');
	INSERT INTO Professor (Professor_ID, First_Name, Last_Name, cp_username) VALUES ('960142171','Eltahry','Elghandour','eelghand');
	INSERT INTO Professor (Professor_ID, First_Name, Last_Name, cp_username) VALUES ('823894676','Garrett','Hall','gjhall');
	INSERT INTO Professor (Professor_ID, First_Name, Last_Name, cp_username) VALUES ('909833642','Ashley','McDonald','armcdona');
	INSERT INTO Professor (Professor_ID, First_Name, Last_Name, cp_username) VALUES ('762964170','John','Hagen','jhagen');
	INSERT INTO Professor (Professor_ID, First_Name, Last_Name, cp_username) VALUES ('749410470','Michael','Heying','mdheying');
	INSERT INTO Professor (Professor_ID, First_Name, Last_Name, cp_username) VALUES ('818161540','Katharine','Watts','krwatts');
	INSERT INTO Professor (Professor_ID, First_Name, Last_Name, cp_username) VALUES ('852609695','Paul','Shires','pshires');
	INSERT INTO Professor (Professor_ID, First_Name, Last_Name, cp_username) VALUES ('689873873','Shanju','Zhang','szhang05');
	INSERT INTO Professor (Professor_ID, First_Name, Last_Name, cp_username) VALUES ('642043413','Alan','Kiste','akiste');
	INSERT INTO Professor (Professor_ID, First_Name, Last_Name, cp_username) VALUES ('744175784','Hasan','Palandoken','hpalando');
	INSERT INTO Professor (Professor_ID, First_Name, Last_Name, cp_username) VALUES ('679040646','Leah','Wood','awood17');
	INSERT INTO Professor (Professor_ID, First_Name, Last_Name, cp_username) VALUES ('763192087','John','Clements','clements');
	INSERT INTO Professor (Professor_ID, First_Name, Last_Name, cp_username) VALUES ('918869330','Michael','Haungs','mhaungs');
	INSERT INTO Professor (Professor_ID, First_Name, Last_Name, cp_username) VALUES ('972881731','Bridget','Benson','bbenson');
	INSERT INTO Professor (Professor_ID, First_Name, Last_Name, cp_username) VALUES ('675178873','John','Seng','jseng');
	INSERT INTO Professor (Professor_ID, First_Name, Last_Name, cp_username) VALUES ('806879039','Lubomir','Stanchev','lstanche');
	INSERT INTO Professor (Professor_ID, First_Name, Last_Name, cp_username) VALUES ('628179033','Adrienne','Greve','agreve');
	INSERT INTO Professor (Professor_ID, First_Name, Last_Name, cp_username) VALUES ('892019518','Clare','Battista','cbattist');
	INSERT INTO Professor (Professor_ID, First_Name, Last_Name, cp_username) VALUES ('847369882','Daniel','Seiver','dseiver');
	INSERT INTO Professor (Professor_ID, First_Name, Last_Name, cp_username) VALUES ('746744627','Matthew','Cole','mtcole');
	INSERT INTO Professor (Professor_ID, First_Name, Last_Name, cp_username) VALUES ('830331044','Adam','Werner','adwerner');
	INSERT INTO Professor (Professor_ID, First_Name, Last_Name, cp_username) VALUES ('579975783','Solina','Lindahl','smlindah');
	INSERT INTO Professor (Professor_ID, First_Name, Last_Name, cp_username) VALUES ('965391606','Hilary','Soldati','hsoldati');
	INSERT INTO Professor (Professor_ID, First_Name, Last_Name, cp_username) VALUES ('884509585','Carlos','Flores','cflore32');
	INSERT INTO Professor (Professor_ID, First_Name, Last_Name, cp_username) VALUES ('943310637','Eric','Fisher','efisher');
	INSERT INTO Professor (Professor_ID, First_Name, Last_Name, cp_username) VALUES ('696610928','Michael','Marlow','mmarlow');
	INSERT INTO Professor (Professor_ID, First_Name, Last_Name, cp_username) VALUES ('825934255','Jane','Zhang','jzhang');
	INSERT INTO Professor (Professor_ID, First_Name, Last_Name, cp_username) VALUES ('827757254','Majid','Poshtan','mposhtan');
	INSERT INTO Professor (Professor_ID, First_Name, Last_Name, cp_username) VALUES ('759888887','Andrew','Danowitz','adanowit');
	INSERT INTO Professor (Professor_ID, First_Name, Last_Name, cp_username) VALUES ('735385937','Bradford','Anderson','bpanders');
	INSERT INTO Professor (Professor_ID, First_Name, Last_Name, cp_username) VALUES ('937656053','Cindy','Wang','cwang96');
	INSERT INTO Professor (Professor_ID, First_Name, Last_Name, cp_username) VALUES ('721538300','Megan','Guise','meguise');
	INSERT INTO Professor (Professor_ID, First_Name, Last_Name, cp_username) VALUES ('703011099','Ryan','Hatch','rahatch');
	INSERT INTO Professor (Professor_ID, First_Name, Last_Name, cp_username) VALUES ('902037603','Debora','Schwartz','dschwart');
	INSERT INTO Professor (Professor_ID, First_Name, Last_Name, cp_username) VALUES ('755673864','John','Battenburg','jbattenb');
	INSERT INTO Professor (Professor_ID, First_Name, Last_Name, cp_username) VALUES ('882149536','Karen','Muñoz-Christian','kschrist');
	INSERT INTO Professor (Professor_ID, First_Name, Last_Name, cp_username) VALUES ('899069023','Amy','Lammert','alammert');
	INSERT INTO Professor (Professor_ID, First_Name, Last_Name, cp_username) VALUES ('819587615','Gregory','Bohr','gbohr');
	INSERT INTO Professor (Professor_ID, First_Name, Last_Name, cp_username) VALUES ('777730117','Antonio','Garcia','afgarcia');
	INSERT INTO Professor (Professor_ID, First_Name, Last_Name, cp_username) VALUES ('797704902','Brian','Beaton','brbeaton');
	INSERT INTO Professor (Professor_ID, First_Name, Last_Name, cp_username) VALUES ('713229006','Irene','Carbonell','icarbone');
	INSERT INTO Professor (Professor_ID, First_Name, Last_Name, cp_username) VALUES ('798638080','Jay','Singh','jasingh');
	INSERT INTO Professor (Professor_ID, First_Name, Last_Name, cp_username) VALUES ('757210356','James','Bentley','jmbentle');
	INSERT INTO Professor (Professor_ID, First_Name, Last_Name, cp_username) VALUES ('742537098','Anthony','Randazzo','ajrandaz');
	INSERT INTO Professor (Professor_ID, First_Name, Last_Name, cp_username) VALUES ('787575268','Javier','de la Fuente','jdelafue');
	INSERT INTO Professor (Professor_ID, First_Name, Last_Name, cp_username) VALUES ('976168745','Ajay','Kathuria','akathuri');
	INSERT INTO Professor (Professor_ID, First_Name, Last_Name, cp_username) VALUES ('714526641','Enar','Tunc','etunc');
	INSERT INTO Professor (Professor_ID, First_Name, Last_Name, cp_username) VALUES ('950947176','Richard','Gearhart','rgearhar');
	INSERT INTO Professor (Professor_ID, First_Name, Last_Name, cp_username) VALUES ('796744307','Patrick','Howe','pchowe');
	INSERT INTO Professor (Professor_ID, First_Name, Last_Name, cp_username) VALUES ('996638938','Joseph','Ragsdale','jragsdal');
	INSERT INTO Professor (Professor_ID, First_Name, Last_Name, cp_username) VALUES ('725941917','Blair','London','blondon');
	INSERT INTO Professor (Professor_ID, First_Name, Last_Name, cp_username) VALUES ('570537150','Andrea','Somoza-Norton','asomozan');
	INSERT INTO Professor (Professor_ID, First_Name, Last_Name, cp_username) VALUES ('640616171','Amelie','Schinck-Mikel','aschinck');
	INSERT INTO Professor (Professor_ID, First_Name, Last_Name, cp_username) VALUES ('693755359','Joyce','Lin','jlin46');
	INSERT INTO Professor (Professor_ID, First_Name, Last_Name, cp_username) VALUES ('739418715','Matthew','White','mewhite');
	INSERT INTO Professor (Professor_ID, First_Name, Last_Name, cp_username) VALUES ('748875385','Morgan','Sherman','sherman1');
	INSERT INTO Professor (Professor_ID, First_Name, Last_Name, cp_username) VALUES ('773403432','Paul','Choboter','pchobote');
	INSERT INTO Professor (Professor_ID, First_Name, Last_Name, cp_username) VALUES ('797927902','Alejandra','Yep-Rodriguez','yep');
	INSERT INTO Professor (Professor_ID, First_Name, Last_Name, cp_username) VALUES ('978507908','Andrew','Davol','adavol');
	INSERT INTO Professor (Professor_ID, First_Name, Last_Name, cp_username) VALUES ('681128056','Hemanth','Porumamilla','hporumam');
	INSERT INTO Professor (Professor_ID, First_Name, Last_Name, cp_username) VALUES ('759655780','Mohammad','Noori','mnoori');
	INSERT INTO Professor (Professor_ID, First_Name, Last_Name, cp_username) VALUES ('676939097','John','Chen','jchen24');
	INSERT INTO Professor (Professor_ID, First_Name, Last_Name, cp_username) VALUES ('745028745','Richard','Thompson','rpthomps');
	INSERT INTO Professor (Professor_ID, First_Name, Last_Name, cp_username) VALUES ('677008768','Joseph','Lynch','jlynch');
	INSERT INTO Professor (Professor_ID, First_Name, Last_Name, cp_username) VALUES ('722442617','Eleanor','Helms','ehelmszo');
	INSERT INTO Professor (Professor_ID, First_Name, Last_Name, cp_username) VALUES ('853125715','Brian','Granger','bgranger');
	INSERT INTO Professor (Professor_ID, First_Name, Last_Name, cp_username) VALUES ('810259075','John','Jasbinsek','jjasbins');
	INSERT INTO Professor (Professor_ID, First_Name, Last_Name, cp_username) VALUES ('716854934','John','Walker','jwalker');
	INSERT INTO Professor (Professor_ID, First_Name, Last_Name, cp_username) VALUES ('918608069','Matthew','Mewes','mmewes');
	INSERT INTO Professor (Professor_ID, First_Name, Last_Name, cp_username) VALUES ('890658479','Katharina','Gillen','kgillen');
	INSERT INTO Professor (Professor_ID, First_Name, Last_Name, cp_username) VALUES ('821369308','Barry','Williams','bwilliam');
	INSERT INTO Professor (Professor_ID, First_Name, Last_Name, cp_username) VALUES ('732405360','Matthew','Moore','mmoore02');
	INSERT INTO Professor (Professor_ID, First_Name, Last_Name, cp_username) VALUES ('815220649','Shelley','Hurt','shurt');
	INSERT INTO Professor (Professor_ID, First_Name, Last_Name, cp_username) VALUES ('765983631','Michael','Latner','mlatner');
	INSERT INTO Professor (Professor_ID, First_Name, Last_Name, cp_username) VALUES ('983063371','Jonathan','Fernsler','jfernsle');
	INSERT INTO Professor (Professor_ID, First_Name, Last_Name, cp_username) VALUES ('961815333','Shawn','Burn','sburn');
	INSERT INTO Professor (Professor_ID, First_Name, Last_Name, cp_username) VALUES ('745968543','Donald','Ryujin','dryujin');
	INSERT INTO Professor (Professor_ID, First_Name, Last_Name, cp_username) VALUES ('720101239','Jean','Dodson Peterson','jdodsonp');
	INSERT INTO Professor (Professor_ID, First_Name, Last_Name, cp_username) VALUES ('876043802','Jerusha','Greenwood','jbgreenw');
	INSERT INTO Professor (Professor_ID, First_Name, Last_Name, cp_username) VALUES ('761167259','Liz','Johnston','lbjohnst');
	INSERT INTO Professor (Professor_ID, First_Name, Last_Name, cp_username) VALUES ('998176428','Robert','Schaeffer','rschaeff');
	INSERT INTO Professor (Professor_ID, First_Name, Last_Name, cp_username) VALUES ('747393845','Karen','McGaughey','kmcgaugh');
	INSERT INTO Professor (Professor_ID, First_Name, Last_Name, cp_username) VALUES ('828690954','Hunter','Glanz','hglanz');
	INSERT INTO Professor (Professor_ID, First_Name, Last_Name, cp_username) VALUES ('692640439','Karin','Hendricks','khendr04');
	INSERT INTO Professor (Professor_ID, First_Name, Last_Name, cp_username) VALUES ('769528693','Lindsey','Higgins','lhiggins');
	INSERT INTO Professor (Professor_ID, First_Name, Last_Name, cp_username) VALUES ('840012155','Michael','Costello','mcostell');
	

/*insert into class table*/


INSERT INTO classes (Class_ID, Department, Catalog_Number, Section, Professor_ID) VALUES ('1','BUS','391','1','826624034');
	INSERT INTO classes (Class_ID, Department, Catalog_Number, Section, Professor_ID) VALUES ('2','BUS','393','1','826624034');
	INSERT INTO classes (Class_ID, Department, Catalog_Number, Section, Professor_ID) VALUES ('3','ES','112','1','882149536');
	INSERT INTO classes (Class_ID, Department, Catalog_Number, Section, Professor_ID) VALUES ('4','BUS','391','2','826624034');
	INSERT INTO classes (Class_ID, Department, Catalog_Number, Section, Professor_ID) VALUES ('5','BUS','393','2','826624034');
	INSERT INTO classes (Class_ID, Department, Catalog_Number, Section, Professor_ID) VALUES ('6','ES','112','2','882149536');
	INSERT INTO classes (Class_ID, Department, Catalog_Number, Section, Professor_ID) VALUES ('7','ES','112','3','882149536');
	INSERT INTO classes (Class_ID, Department, Catalog_Number, Section, Professor_ID) VALUES ('8','BUS','392','1','873504787');
	INSERT INTO classes (Class_ID, Department, Catalog_Number, Section, Professor_ID) VALUES ('9','AG','452','1','755796577');
	INSERT INTO classes (Class_ID, Department, Catalog_Number, Section, Professor_ID) VALUES ('10','AGED','110','1','755796577');
	INSERT INTO classes (Class_ID, Department, Catalog_Number, Section, Professor_ID) VALUES ('11','ART','181','1','737693435');
	INSERT INTO classes (Class_ID, Department, Catalog_Number, Section, Professor_ID) VALUES ('12','ART','100','1','737693435');
	INSERT INTO classes (Class_ID, Department, Catalog_Number, Section, Professor_ID) VALUES ('13','ASCI','101','1','825220505');
	INSERT INTO classes (Class_ID, Department, Catalog_Number, Section, Professor_ID) VALUES ('14','ASCI','112','1','825220505');
	INSERT INTO classes (Class_ID, Department, Catalog_Number, Section, Professor_ID) VALUES ('15','ASTR','102','1','773164557');
	INSERT INTO classes (Class_ID, Department, Catalog_Number, Section, Professor_ID) VALUES ('16','ASTR','101','1','773164557');
	INSERT INTO classes (Class_ID, Department, Catalog_Number, Section, Professor_ID) VALUES ('17','CHEM','125','1','852609695');
	INSERT INTO classes (Class_ID, Department, Catalog_Number, Section, Professor_ID) VALUES ('18','BIO','110','1','852609695');
	INSERT INTO classes (Class_ID, Department, Catalog_Number, Section, Professor_ID) VALUES ('19','BIO','111','1','938287247');
	INSERT INTO classes (Class_ID, Department, Catalog_Number, Section, Professor_ID) VALUES ('20','BIO','121','1','938287247');
	INSERT INTO classes (Class_ID, Department, Catalog_Number, Section, Professor_ID) VALUES ('21','BUS','214','1','755530269');
	INSERT INTO classes (Class_ID, Department, Catalog_Number, Section, Professor_ID) VALUES ('22','BUS','215','1','755530269');
	INSERT INTO classes (Class_ID, Department, Catalog_Number, Section, Professor_ID) VALUES ('23','BUS','214','1','908212590');
	INSERT INTO classes (Class_ID, Department, Catalog_Number, Section, Professor_ID) VALUES ('24','BUS','215','1','908212590');
	INSERT INTO classes (Class_ID, Department, Catalog_Number, Section, Professor_ID) VALUES ('25','BUS','342','1','889747152');
	INSERT INTO classes (Class_ID, Department, Catalog_Number, Section, Professor_ID) VALUES ('26','BUS','346','1','889747152');
	INSERT INTO classes (Class_ID, Department, Catalog_Number, Section, Professor_ID) VALUES ('27','BUS','391','1','948759521');
	INSERT INTO classes (Class_ID, Department, Catalog_Number, Section, Professor_ID) VALUES ('28','BUS','392','1','948759521');
	INSERT INTO classes (Class_ID, Department, Catalog_Number, Section, Professor_ID) VALUES ('29','BUS','391','1','585129752');
	INSERT INTO classes (Class_ID, Department, Catalog_Number, Section, Professor_ID) VALUES ('30','BUS','394','1','585129752');
	INSERT INTO classes (Class_ID, Department, Catalog_Number, Section, Professor_ID) VALUES ('31','BUS','346','1','798976336');
	INSERT INTO classes (Class_ID, Department, Catalog_Number, Section, Professor_ID) VALUES ('32','BUS','418','1','798976336');
	INSERT INTO classes (Class_ID, Department, Catalog_Number, Section, Professor_ID) VALUES ('33','BUS','310','1','788865408');
	INSERT INTO classes (Class_ID, Department, Catalog_Number, Section, Professor_ID) VALUES ('34','BUS','436','1','788865408');
	INSERT INTO classes (Class_ID, Department, Catalog_Number, Section, Professor_ID) VALUES ('35','BUS','438','1','916641258');
	INSERT INTO classes (Class_ID, Department, Catalog_Number, Section, Professor_ID) VALUES ('36','BUS','439','1','916641258');
	INSERT INTO classes (Class_ID, Department, Catalog_Number, Section, Professor_ID) VALUES ('37','BUS','342','1','687436653');
	INSERT INTO classes (Class_ID, Department, Catalog_Number, Section, Professor_ID) VALUES ('38','BUS','444','1','687436653');
	INSERT INTO classes (Class_ID, Department, Catalog_Number, Section, Professor_ID) VALUES ('39','BUS','346','1','699680104');
	INSERT INTO classes (Class_ID, Department, Catalog_Number, Section, Professor_ID) VALUES ('40','BUS','450','1','699680104');
	INSERT INTO classes (Class_ID, Department, Catalog_Number, Section, Professor_ID) VALUES ('41','BUS','342','1','767256052');
	INSERT INTO classes (Class_ID, Department, Catalog_Number, Section, Professor_ID) VALUES ('42','BUS','454','1','767256052');
	INSERT INTO classes (Class_ID, Department, Catalog_Number, Section, Professor_ID) VALUES ('43','BUS','215','1','773600888');
	INSERT INTO classes (Class_ID, Department, Catalog_Number, Section, Professor_ID) VALUES ('44','BUS','463','1','773600888');
	INSERT INTO classes (Class_ID, Department, Catalog_Number, Section, Professor_ID) VALUES ('45','BUS','392','1','786925531');
	INSERT INTO classes (Class_ID, Department, Catalog_Number, Section, Professor_ID) VALUES ('46','BUS','498','1','786925531');
	INSERT INTO classes (Class_ID, Department, Catalog_Number, Section, Professor_ID) VALUES ('47','CE','121','1','960142171');
	INSERT INTO classes (Class_ID, Department, Catalog_Number, Section, Professor_ID) VALUES ('48','CE','204','1','960142171');
	INSERT INTO classes (Class_ID, Department, Catalog_Number, Section, Professor_ID) VALUES ('49','CHEM','125','1','689873873');
	INSERT INTO classes (Class_ID, Department, Catalog_Number, Section, Professor_ID) VALUES ('50','CHEM','127','1','689873873');
	INSERT INTO classes (Class_ID, Department, Catalog_Number, Section, Professor_ID) VALUES ('51','CHEM','124','1','749410470');
	INSERT INTO classes (Class_ID, Department, Catalog_Number, Section, Professor_ID) VALUES ('52','CHEM','128','1','749410470');
	INSERT INTO classes (Class_ID, Department, Catalog_Number, Section, Professor_ID) VALUES ('53','CPE','101','1','918869330');
	INSERT INTO classes (Class_ID, Department, Catalog_Number, Section, Professor_ID) VALUES ('54','CPE','123','1','918869330');
	INSERT INTO classes (Class_ID, Department, Catalog_Number, Section, Professor_ID) VALUES ('55','EE','523','1','759888887');
	INSERT INTO classes (Class_ID, Department, Catalog_Number, Section, Professor_ID) VALUES ('56','CPE','442','1','759888887');
	INSERT INTO classes (Class_ID, Department, Catalog_Number, Section, Professor_ID) VALUES ('57','CPE','315','1','675178873');
	INSERT INTO classes (Class_ID, Department, Catalog_Number, Section, Professor_ID) VALUES ('58','CPE','453','1','675178873');
	INSERT INTO classes (Class_ID, Department, Catalog_Number, Section, Professor_ID) VALUES ('59','CPE','101','1','679040646');
	INSERT INTO classes (Class_ID, Department, Catalog_Number, Section, Professor_ID) VALUES ('60','CSC','101','1','679040646');
	INSERT INTO classes (Class_ID, Department, Catalog_Number, Section, Professor_ID) VALUES ('61','CPE','101','1','763192087');
	INSERT INTO classes (Class_ID, Department, Catalog_Number, Section, Professor_ID) VALUES ('62','CSC','102','1','763192087');
	INSERT INTO classes (Class_ID, Department, Catalog_Number, Section, Professor_ID) VALUES ('63','ECON','410','1','696610928');
	INSERT INTO classes (Class_ID, Department, Catalog_Number, Section, Professor_ID) VALUES ('64','ECON','201','1','696610928');
	INSERT INTO classes (Class_ID, Department, Catalog_Number, Section, Professor_ID) VALUES ('65','ECON','201','1','892019518');
	INSERT INTO classes (Class_ID, Department, Catalog_Number, Section, Professor_ID) VALUES ('66','ECON','202','1','892019518');
	INSERT INTO classes (Class_ID, Department, Catalog_Number, Section, Professor_ID) VALUES ('67','ECON','303','1','965391606');
	INSERT INTO classes (Class_ID, Department, Catalog_Number, Section, Professor_ID) VALUES ('68','ECON','435','1','965391606');
	INSERT INTO classes (Class_ID, Department, Catalog_Number, Section, Professor_ID) VALUES ('69','ECON','339','1','943310637');
	INSERT INTO classes (Class_ID, Department, Catalog_Number, Section, Professor_ID) VALUES ('70','ECON','460','1','943310637');
	INSERT INTO classes (Class_ID, Department, Catalog_Number, Section, Professor_ID) VALUES ('71','EE','101','1','825934255');
	INSERT INTO classes (Class_ID, Department, Catalog_Number, Section, Professor_ID) VALUES ('72','EE','151','1','825934255');
	INSERT INTO classes (Class_ID, Department, Catalog_Number, Section, Professor_ID) VALUES ('73','ENGL','134','1','721538300');
	INSERT INTO classes (Class_ID, Department, Catalog_Number, Section, Professor_ID) VALUES ('74','ENGL','145','1','721538300');
	INSERT INTO classes (Class_ID, Department, Catalog_Number, Section, Professor_ID) VALUES ('75','ENGL','240','1','755673864');
	INSERT INTO classes (Class_ID, Department, Catalog_Number, Section, Professor_ID) VALUES ('76','ENGL','449','1','755673864');
	INSERT INTO classes (Class_ID, Department, Catalog_Number, Section, Professor_ID) VALUES ('77','GEOG','110','1','819587615');
	INSERT INTO classes (Class_ID, Department, Catalog_Number, Section, Professor_ID) VALUES ('78','GEOG','150','1','819587615');
	INSERT INTO classes (Class_ID, Department, Catalog_Number, Section, Professor_ID) VALUES ('79','PHYS','101','1','810259075');
	INSERT INTO classes (Class_ID, Department, Catalog_Number, Section, Professor_ID) VALUES ('80','GEOL','201','1','810259075');
	INSERT INTO classes (Class_ID, Department, Catalog_Number, Section, Professor_ID) VALUES ('81','ITP','234','1','713229006');
	INSERT INTO classes (Class_ID, Department, Catalog_Number, Section, Professor_ID) VALUES ('82','ITP','330','1','713229006');
	INSERT INTO classes (Class_ID, Department, Catalog_Number, Section, Professor_ID) VALUES ('83','ITP','303','1','757210356');
	INSERT INTO classes (Class_ID, Department, Catalog_Number, Section, Professor_ID) VALUES ('84','ITP','371','1','757210356');
	INSERT INTO classes (Class_ID, Department, Catalog_Number, Section, Professor_ID) VALUES ('85','JOUR','102','1','950947176');
	INSERT INTO classes (Class_ID, Department, Catalog_Number, Section, Professor_ID) VALUES ('86','JOUR','201','1','950947176');
	INSERT INTO classes (Class_ID, Department, Catalog_Number, Section, Professor_ID) VALUES ('87','MATH','141','1','739418715');
	INSERT INTO classes (Class_ID, Department, Catalog_Number, Section, Professor_ID) VALUES ('88','MATH','142','1','739418715');
	INSERT INTO classes (Class_ID, Department, Catalog_Number, Section, Professor_ID) VALUES ('89','ME','151','1','759655780');
	INSERT INTO classes (Class_ID, Department, Catalog_Number, Section, Professor_ID) VALUES ('90','ME','211','1','759655780');
	INSERT INTO classes (Class_ID, Department, Catalog_Number, Section, Professor_ID) VALUES ('91','NR','326','1','745028745');
	INSERT INTO classes (Class_ID, Department, Catalog_Number, Section, Professor_ID) VALUES ('92','NR','465','1','745028745');
	INSERT INTO classes (Class_ID, Department, Catalog_Number, Section, Professor_ID) VALUES ('93','PSC','101','1','983063371');
	INSERT INTO classes (Class_ID, Department, Catalog_Number, Section, Professor_ID) VALUES ('94','PHYS','121','1','983063371');
	INSERT INTO classes (Class_ID, Department, Catalog_Number, Section, Professor_ID) VALUES ('95','PHYS','123','1','918608069');
	INSERT INTO classes (Class_ID, Department, Catalog_Number, Section, Professor_ID) VALUES ('96','PHYS','133','1','918608069');
	INSERT INTO classes (Class_ID, Department, Catalog_Number, Section, Professor_ID) VALUES ('97','PHYS','133','1','821369308');
	INSERT INTO classes (Class_ID, Department, Catalog_Number, Section, Professor_ID) VALUES ('98','PHYS','141','1','821369308');
	INSERT INTO classes (Class_ID, Department, Catalog_Number, Section, Professor_ID) VALUES ('99','POLS','111','1','732405360');
	INSERT INTO classes (Class_ID, Department, Catalog_Number, Section, Professor_ID) VALUES ('100','POLS','230','1','732405360');
	INSERT INTO classes (Class_ID, Department, Catalog_Number, Section, Professor_ID) VALUES ('101','POLS','112','1','765983631');
	INSERT INTO classes (Class_ID, Department, Catalog_Number, Section, Professor_ID) VALUES ('102','POLS','319','1','765983631');
	INSERT INTO classes (Class_ID, Department, Catalog_Number, Section, Professor_ID) VALUES ('103','PSY','201','1','961815333');
	INSERT INTO classes (Class_ID, Department, Catalog_Number, Section, Professor_ID) VALUES ('104','PSY','252','1','961815333');
	INSERT INTO classes (Class_ID, Department, Catalog_Number, Section, Professor_ID) VALUES ('105','CD','306','1','942701184');
	INSERT INTO classes (Class_ID, Department, Catalog_Number, Section, Professor_ID) VALUES ('106','PSY','340','1','942701184');
	INSERT INTO classes (Class_ID, Department, Catalog_Number, Section, Professor_ID) VALUES ('107','REC','214','1','876043802');
	INSERT INTO classes (Class_ID, Department, Catalog_Number, Section, Professor_ID) VALUES ('108','REC','313','1','876043802');
	INSERT INTO classes (Class_ID, Department, Catalog_Number, Section, Professor_ID) VALUES ('109','SOC','101','1','761167259');
	INSERT INTO classes (Class_ID, Department, Catalog_Number, Section, Professor_ID) VALUES ('110','SOC','110','1','761167259');
	INSERT INTO classes (Class_ID, Department, Catalog_Number, Section, Professor_ID) VALUES ('111','PHYS','121','1','716854934');
	INSERT INTO classes (Class_ID, Department, Catalog_Number, Section, Professor_ID) VALUES ('112','STAT','217','1','716854934');
	INSERT INTO classes (Class_ID, Department, Catalog_Number, Section, Professor_ID) VALUES ('113','AGEd','438','1','670075905');
	INSERT INTO classes (Class_ID, Department, Catalog_Number, Section, Professor_ID) VALUES ('114','AGEd','536','1','670075905');
	INSERT INTO classes (Class_ID, Department, Catalog_Number, Section, Professor_ID) VALUES ('115','AGC','426','1','670075905');
	INSERT INTO classes (Class_ID, Department, Catalog_Number, Section, Professor_ID) VALUES ('116','ARCE','211','1','828271917');
	INSERT INTO classes (Class_ID, Department, Catalog_Number, Section, Professor_ID) VALUES ('117','ARCE','212','1','828271917');
	INSERT INTO classes (Class_ID, Department, Catalog_Number, Section, Professor_ID) VALUES ('118','ARCE','315','1','828271917');
	INSERT INTO classes (Class_ID, Department, Catalog_Number, Section, Professor_ID) VALUES ('119','ARCH','131','1','969008871');
	INSERT INTO classes (Class_ID, Department, Catalog_Number, Section, Professor_ID) VALUES ('120','ARCH','132','1','969008871');
	INSERT INTO classes (Class_ID, Department, Catalog_Number, Section, Professor_ID) VALUES ('121','ARCH','133','1','969008871');
	INSERT INTO classes (Class_ID, Department, Catalog_Number, Section, Professor_ID) VALUES ('122','ASTR','101','1','929955704');
	INSERT INTO classes (Class_ID, Department, Catalog_Number, Section, Professor_ID) VALUES ('123','ASTR','102','1','929955704');
	INSERT INTO classes (Class_ID, Department, Catalog_Number, Section, Professor_ID) VALUES ('124','ASTR','103','1','929955704');
	INSERT INTO classes (Class_ID, Department, Catalog_Number, Section, Professor_ID) VALUES ('125','ECON','339','1','884509585');
	INSERT INTO classes (Class_ID, Department, Catalog_Number, Section, Professor_ID) VALUES ('126','ECON','410','1','884509585');
	INSERT INTO classes (Class_ID, Department, Catalog_Number, Section, Professor_ID) VALUES ('127','BUS','206','1','884509585');
	INSERT INTO classes (Class_ID, Department, Catalog_Number, Section, Professor_ID) VALUES ('128','BUS','321','1','738597344');
	INSERT INTO classes (Class_ID, Department, Catalog_Number, Section, Professor_ID) VALUES ('129','BUS','322','1','738597344');
	INSERT INTO classes (Class_ID, Department, Catalog_Number, Section, Professor_ID) VALUES ('130','BUS','323','1','738597344');
	INSERT INTO classes (Class_ID, Department, Catalog_Number, Section, Professor_ID) VALUES ('131','BUS','339','1','951546582');
	INSERT INTO classes (Class_ID, Department, Catalog_Number, Section, Professor_ID) VALUES ('132','BUS','342','1','951546582');
	INSERT INTO classes (Class_ID, Department, Catalog_Number, Section, Professor_ID) VALUES ('133','BUS','346','1','951546582');
	INSERT INTO classes (Class_ID, Department, Catalog_Number, Section, Professor_ID) VALUES ('134','CD','102','1','673085740');
	INSERT INTO classes (Class_ID, Department, Catalog_Number, Section, Professor_ID) VALUES ('135','EDUC','207','1','673085740');
	INSERT INTO classes (Class_ID, Department, Catalog_Number, Section, Professor_ID) VALUES ('136','CD','209','1','673085740');
	INSERT INTO classes (Class_ID, Department, Catalog_Number, Section, Professor_ID) VALUES ('137','CHEM','124','1','909833642');
	INSERT INTO classes (Class_ID, Department, Catalog_Number, Section, Professor_ID) VALUES ('138','CHEM','127','1','909833642');
	INSERT INTO classes (Class_ID, Department, Catalog_Number, Section, Professor_ID) VALUES ('139','CHEM','128','1','909833642');
	INSERT INTO classes (Class_ID, Department, Catalog_Number, Section, Professor_ID) VALUES ('140','CHEM','124','1','762964170');
	INSERT INTO classes (Class_ID, Department, Catalog_Number, Section, Professor_ID) VALUES ('141','CHEM','125','1','762964170');
	INSERT INTO classes (Class_ID, Department, Catalog_Number, Section, Professor_ID) VALUES ('142','CHEM','127','1','762964170');
	INSERT INTO classes (Class_ID, Department, Catalog_Number, Section, Professor_ID) VALUES ('143','CHEM','216','1','744175784');
	INSERT INTO classes (Class_ID, Department, Catalog_Number, Section, Professor_ID) VALUES ('144','CHEM','217','1','744175784');
	INSERT INTO classes (Class_ID, Department, Catalog_Number, Section, Professor_ID) VALUES ('145','CHEM','218','1','744175784');
	INSERT INTO classes (Class_ID, Department, Catalog_Number, Section, Professor_ID) VALUES ('146','FSN','125','1','899069023');
	INSERT INTO classes (Class_ID, Department, Catalog_Number, Section, Professor_ID) VALUES ('147','DCSI','223','1','899069023');
	INSERT INTO classes (Class_ID, Department, Catalog_Number, Section, Professor_ID) VALUES ('148','DSCI','231','1','899069023');
	INSERT INTO classes (Class_ID, Department, Catalog_Number, Section, Professor_ID) VALUES ('149','ECON','201','1','847369882');
	INSERT INTO classes (Class_ID, Department, Catalog_Number, Section, Professor_ID) VALUES ('150','ECON','221','1','847369882');
	INSERT INTO classes (Class_ID, Department, Catalog_Number, Section, Professor_ID) VALUES ('151','ECON','222','1','847369882');
	INSERT INTO classes (Class_ID, Department, Catalog_Number, Section, Professor_ID) VALUES ('152','ECON','221','1','579975783');
	INSERT INTO classes (Class_ID, Department, Catalog_Number, Section, Professor_ID) VALUES ('153','ECON','222','1','579975783');
	INSERT INTO classes (Class_ID, Department, Catalog_Number, Section, Professor_ID) VALUES ('154','ECON','303','1','579975783');
	INSERT INTO classes (Class_ID, Department, Catalog_Number, Section, Professor_ID) VALUES ('155','ECON','201','1','746744627');
	INSERT INTO classes (Class_ID, Department, Catalog_Number, Section, Professor_ID) VALUES ('156','ECON','311','1','746744627');
	INSERT INTO classes (Class_ID, Department, Catalog_Number, Section, Professor_ID) VALUES ('157','ECON','404','1','746744627');
	INSERT INTO classes (Class_ID, Department, Catalog_Number, Section, Professor_ID) VALUES ('158','CPE','133','1','972881731');
	INSERT INTO classes (Class_ID, Department, Catalog_Number, Section, Professor_ID) VALUES ('159','EE','211','1','972881731');
	INSERT INTO classes (Class_ID, Department, Catalog_Number, Section, Professor_ID) VALUES ('160','EE','212','1','972881731');
	INSERT INTO classes (Class_ID, Department, Catalog_Number, Section, Professor_ID) VALUES ('161','EE','212','1','827757254');
	INSERT INTO classes (Class_ID, Department, Catalog_Number, Section, Professor_ID) VALUES ('162','EE','255','1','827757254');
	INSERT INTO classes (Class_ID, Department, Catalog_Number, Section, Professor_ID) VALUES ('163','EE','295','1','827757254');
	INSERT INTO classes (Class_ID, Department, Catalog_Number, Section, Professor_ID) VALUES ('164','ENGL','203','1','902037603');
	INSERT INTO classes (Class_ID, Department, Catalog_Number, Section, Professor_ID) VALUES ('165','ENGL','204','1','902037603');
	INSERT INTO classes (Class_ID, Department, Catalog_Number, Section, Professor_ID) VALUES ('166','ENGL','205','1','902037603');
	INSERT INTO classes (Class_ID, Department, Catalog_Number, Section, Professor_ID) VALUES ('167','ITP','303','1','798638080');
	INSERT INTO classes (Class_ID, Department, Catalog_Number, Section, Professor_ID) VALUES ('168','ITP','330','1','798638080');
	INSERT INTO classes (Class_ID, Department, Catalog_Number, Section, Professor_ID) VALUES ('169','ITP','331','1','798638080');
	INSERT INTO classes (Class_ID, Department, Catalog_Number, Section, Professor_ID) VALUES ('170','LA','110','1','996638938');
	INSERT INTO classes (Class_ID, Department, Catalog_Number, Section, Professor_ID) VALUES ('171','LA','141','1','996638938');
	INSERT INTO classes (Class_ID, Department, Catalog_Number, Section, Professor_ID) VALUES ('172','LA','436','1','996638938');
	INSERT INTO classes (Class_ID, Department, Catalog_Number, Section, Professor_ID) VALUES ('173','MATH','116','1','570537150');
	INSERT INTO classes (Class_ID, Department, Catalog_Number, Section, Professor_ID) VALUES ('174','MATH','117','1','570537150');
	INSERT INTO classes (Class_ID, Department, Catalog_Number, Section, Professor_ID) VALUES ('175','MATH','118','1','570537150');
	INSERT INTO classes (Class_ID, Department, Catalog_Number, Section, Professor_ID) VALUES ('176','MATH','141','1','693755359');
	INSERT INTO classes (Class_ID, Department, Catalog_Number, Section, Professor_ID) VALUES ('177','MATH','142','1','693755359');
	INSERT INTO classes (Class_ID, Department, Catalog_Number, Section, Professor_ID) VALUES ('178','MATH','143','1','693755359');
	INSERT INTO classes (Class_ID, Department, Catalog_Number, Section, Professor_ID) VALUES ('179','ME','134','1','681128056');
	INSERT INTO classes (Class_ID, Department, Catalog_Number, Section, Professor_ID) VALUES ('180','ME','211','1','681128056');
	INSERT INTO classes (Class_ID, Department, Catalog_Number, Section, Professor_ID) VALUES ('181','ME','212','1','681128056');
	INSERT INTO classes (Class_ID, Department, Catalog_Number, Section, Professor_ID) VALUES ('182','ME','211','1','676939097');
	INSERT INTO classes (Class_ID, Department, Catalog_Number, Section, Professor_ID) VALUES ('183','ME','303','1','676939097');
	INSERT INTO classes (Class_ID, Department, Catalog_Number, Section, Professor_ID) VALUES ('184','ME','350','1','676939097');
	INSERT INTO classes (Class_ID, Department, Catalog_Number, Section, Professor_ID) VALUES ('185','PHIL','230','1','722442617');
	INSERT INTO classes (Class_ID, Department, Catalog_Number, Section, Professor_ID) VALUES ('186','PHIL','312','1','722442617');
	INSERT INTO classes (Class_ID, Department, Catalog_Number, Section, Professor_ID) VALUES ('187','PHIL','350','1','722442617');
	INSERT INTO classes (Class_ID, Department, Catalog_Number, Section, Professor_ID) VALUES ('188','AGB','212','1','846793070');
	INSERT INTO classes (Class_ID, Department, Catalog_Number, Section, Professor_ID) VALUES ('189','AGB','310','1','846793070');
	INSERT INTO classes (Class_ID, Department, Catalog_Number, Section, Professor_ID) VALUES ('190','WVIT','102','1','846793070');
	INSERT INTO classes (Class_ID, Department, Catalog_Number, Section, Professor_ID) VALUES ('191','BIO','161','1','756698670');
	INSERT INTO classes (Class_ID, Department, Catalog_Number, Section, Professor_ID) VALUES ('192','BIO','162','1','756698670');
	INSERT INTO classes (Class_ID, Department, Catalog_Number, Section, Professor_ID) VALUES ('193','BIO','361','1','756698670');
	INSERT INTO classes (Class_ID, Department, Catalog_Number, Section, Professor_ID) VALUES ('194','BIO','433','1','756698670');
	INSERT INTO classes (Class_ID, Department, Catalog_Number, Section, Professor_ID) VALUES ('195','BUS','212','1','931368445');
	INSERT INTO classes (Class_ID, Department, Catalog_Number, Section, Professor_ID) VALUES ('196','BUS','214','1','931368445');
	INSERT INTO classes (Class_ID, Department, Catalog_Number, Section, Professor_ID) VALUES ('197','BUS','215','1','931368445');
	INSERT INTO classes (Class_ID, Department, Catalog_Number, Section, Professor_ID) VALUES ('198','BUS','319','1','931368445');
	INSERT INTO classes (Class_ID, Department, Catalog_Number, Section, Professor_ID) VALUES ('199','BUS','392','1','826624034');
	INSERT INTO classes (Class_ID, Department, Catalog_Number, Section, Professor_ID) VALUES ('200','BUS','496','1','826624034');
	INSERT INTO classes (Class_ID, Department, Catalog_Number, Section, Professor_ID) VALUES ('201','BUS','387','1','600095463');
	INSERT INTO classes (Class_ID, Department, Catalog_Number, Section, Professor_ID) VALUES ('202','BUSU','464','1','600095463');
	INSERT INTO classes (Class_ID, Department, Catalog_Number, Section, Professor_ID) VALUES ('203','BUS','477','1','600095463');
	INSERT INTO classes (Class_ID, Department, Catalog_Number, Section, Professor_ID) VALUES ('204','BUS','513','1','600095463');
	INSERT INTO classes (Class_ID, Department, Catalog_Number, Section, Professor_ID) VALUES ('205','CRP','336','1','628179033');
	INSERT INTO classes (Class_ID, Department, Catalog_Number, Section, Professor_ID) VALUES ('206','CRP','342','1','628179033');
	INSERT INTO classes (Class_ID, Department, Catalog_Number, Section, Professor_ID) VALUES ('207','CRP','411','1','628179033');
	INSERT INTO classes (Class_ID, Department, Catalog_Number, Section, Professor_ID) VALUES ('208','CRP','445','1','628179033');
	INSERT INTO classes (Class_ID, Department, Catalog_Number, Section, Professor_ID) VALUES ('209','ENGL','201','1','703011099');
	INSERT INTO classes (Class_ID, Department, Catalog_Number, Section, Professor_ID) VALUES ('210','ENGL','253','1','703011099');
	INSERT INTO classes (Class_ID, Department, Catalog_Number, Section, Professor_ID) VALUES ('211','ENGL','349','1','703011099');
	INSERT INTO classes (Class_ID, Department, Catalog_Number, Section, Professor_ID) VALUES ('212','ENGL','352','1','703011099');
	INSERT INTO classes (Class_ID, Department, Catalog_Number, Section, Professor_ID) VALUES ('213','MATH','141','1','640616171');
	INSERT INTO classes (Class_ID, Department, Catalog_Number, Section, Professor_ID) VALUES ('214','MATH','227','1','640616171');
	INSERT INTO classes (Class_ID, Department, Catalog_Number, Section, Professor_ID) VALUES ('215','MATH','330','1','640616171');
	INSERT INTO classes (Class_ID, Department, Catalog_Number, Section, Professor_ID) VALUES ('216','MATH','419','1','640616171');
	INSERT INTO classes (Class_ID, Department, Catalog_Number, Section, Professor_ID) VALUES ('217','ECON','221','1','830331044');
	INSERT INTO classes (Class_ID, Department, Catalog_Number, Section, Professor_ID) VALUES ('218','ECON','201','1','830331044');
	INSERT INTO classes (Class_ID, Department, Catalog_Number, Section, Professor_ID) VALUES ('219','ECON','210','1','830331044');
	INSERT INTO classes (Class_ID, Department, Catalog_Number, Section, Professor_ID) VALUES ('220','ECON','222','1','830331044');
	INSERT INTO classes (Class_ID, Department, Catalog_Number, Section, Professor_ID) VALUES ('221','GSB','523','1','830331044');
	INSERT INTO classes (Class_ID, Department, Catalog_Number, Section, Professor_ID) VALUES ('222','BUS','304','1','983137158');
	INSERT INTO classes (Class_ID, Department, Catalog_Number, Section, Professor_ID) VALUES ('223','ITP','371','1','983137158');
	INSERT INTO classes (Class_ID, Department, Catalog_Number, Section, Professor_ID) VALUES ('224','ITP','410','1','983137158');
	INSERT INTO classes (Class_ID, Department, Catalog_Number, Section, Professor_ID) VALUES ('225','ITP','403','1','983137158');
	INSERT INTO classes (Class_ID, Department, Catalog_Number, Section, Professor_ID) VALUES ('226','ITP','415','1','983137158');
	INSERT INTO classes (Class_ID, Department, Catalog_Number, Section, Professor_ID) VALUES ('227','MATH','141','1','748875385');
	INSERT INTO classes (Class_ID, Department, Catalog_Number, Section, Professor_ID) VALUES ('228','MATH','142','1','748875385');
	INSERT INTO classes (Class_ID, Department, Catalog_Number, Section, Professor_ID) VALUES ('229','MATH','143','1','748875385');
	INSERT INTO classes (Class_ID, Department, Catalog_Number, Section, Professor_ID) VALUES ('230','MATH','241','1','748875385');
	INSERT INTO classes (Class_ID, Department, Catalog_Number, Section, Professor_ID) VALUES ('231','AGB','101','1','733068211');
	INSERT INTO classes (Class_ID, Department, Catalog_Number, Section, Professor_ID) VALUES ('232','AGB','212','1','733068211');
	INSERT INTO classes (Class_ID, Department, Catalog_Number, Section, Professor_ID) VALUES ('233','AGB','213','1','733068211');
	INSERT INTO classes (Class_ID, Department, Catalog_Number, Section, Professor_ID) VALUES ('234','AGB','214','1','733068211');
	INSERT INTO classes (Class_ID, Department, Catalog_Number, Section, Professor_ID) VALUES ('235','AGB','312','1','733068211');
	INSERT INTO classes (Class_ID, Department, Catalog_Number, Section, Professor_ID) VALUES ('236','AGB','313','1','733068211');
	INSERT INTO classes (Class_ID, Department, Catalog_Number, Section, Professor_ID) VALUES ('237','ASCI','112','1','882541986');
	INSERT INTO classes (Class_ID, Department, Catalog_Number, Section, Professor_ID) VALUES ('238','ASCI','220','1','882541986');
	INSERT INTO classes (Class_ID, Department, Catalog_Number, Section, Professor_ID) VALUES ('239','ASCI','221','1','882541986');
	INSERT INTO classes (Class_ID, Department, Catalog_Number, Section, Professor_ID) VALUES ('240','ASCI','290','1','882541986');
	INSERT INTO classes (Class_ID, Department, Catalog_Number, Section, Professor_ID) VALUES ('241','ASCI','346','1','882541986');
	INSERT INTO classes (Class_ID, Department, Catalog_Number, Section, Professor_ID) VALUES ('242','ASCI','363','1','882541986');
	INSERT INTO classes (Class_ID, Department, Catalog_Number, Section, Professor_ID) VALUES ('243','BUS','391','1','801979180');
	INSERT INTO classes (Class_ID, Department, Catalog_Number, Section, Professor_ID) VALUES ('244','BUS','393','1','801979180');
	INSERT INTO classes (Class_ID, Department, Catalog_Number, Section, Professor_ID) VALUES ('245','BUS','394','1','801979180');
	INSERT INTO classes (Class_ID, Department, Catalog_Number, Section, Professor_ID) VALUES ('246','BUS','494','1','801979180');
	INSERT INTO classes (Class_ID, Department, Catalog_Number, Section, Professor_ID) VALUES ('247','BUS','498','1','801979180');
	INSERT INTO classes (Class_ID, Department, Catalog_Number, Section, Professor_ID) VALUES ('248','CE','204','1','823894676');
	INSERT INTO classes (Class_ID, Department, Catalog_Number, Section, Professor_ID) VALUES ('249','CE','207','1','823894676');
	INSERT INTO classes (Class_ID, Department, Catalog_Number, Section, Professor_ID) VALUES ('250','CE','251','1','823894676');
	INSERT INTO classes (Class_ID, Department, Catalog_Number, Section, Professor_ID) VALUES ('251','CE','259','1','823894676');
	INSERT INTO classes (Class_ID, Department, Catalog_Number, Section, Professor_ID) VALUES ('252','CE','351','1','823894676');
	INSERT INTO classes (Class_ID, Department, Catalog_Number, Section, Professor_ID) VALUES ('253','CE','355','1','823894676');
	INSERT INTO classes (Class_ID, Department, Catalog_Number, Section, Professor_ID) VALUES ('254','CHEM','127','1','642043413');
	INSERT INTO classes (Class_ID, Department, Catalog_Number, Section, Professor_ID) VALUES ('255','CHEM','128','1','642043413');
	INSERT INTO classes (Class_ID, Department, Catalog_Number, Section, Professor_ID) VALUES ('256','CHEM','129','1','642043413');
	INSERT INTO classes (Class_ID, Department, Catalog_Number, Section, Professor_ID) VALUES ('257','CHEM','312','1','642043413');
	INSERT INTO classes (Class_ID, Department, Catalog_Number, Section, Professor_ID) VALUES ('258','CHEM','316','1','642043413');
	INSERT INTO classes (Class_ID, Department, Catalog_Number, Section, Professor_ID) VALUES ('259','CHEM','318','1','642043413');
	INSERT INTO classes (Class_ID, Department, Catalog_Number, Section, Professor_ID) VALUES ('260','GEOL','101','1','777730117');
	INSERT INTO classes (Class_ID, Department, Catalog_Number, Section, Professor_ID) VALUES ('261','GEOL','201','1','777730117');
	INSERT INTO classes (Class_ID, Department, Catalog_Number, Section, Professor_ID) VALUES ('262','PHYS','201','1','777730117');
	INSERT INTO classes (Class_ID, Department, Catalog_Number, Section, Professor_ID) VALUES ('263','PHYS','102','1','777730117');
	INSERT INTO classes (Class_ID, Department, Catalog_Number, Section, Professor_ID) VALUES ('264','GEOL','202','1','777730117');
	INSERT INTO classes (Class_ID, Department, Catalog_Number, Section, Professor_ID) VALUES ('265','GEOL','203','1','777730117');
	INSERT INTO classes (Class_ID, Department, Catalog_Number, Section, Professor_ID) VALUES ('266','ITP','326','1','742537098');
	INSERT INTO classes (Class_ID, Department, Catalog_Number, Section, Professor_ID) VALUES ('267','ITP','329','1','742537098');
	INSERT INTO classes (Class_ID, Department, Catalog_Number, Section, Professor_ID) VALUES ('268','ITP','371','1','742537098');
	INSERT INTO classes (Class_ID, Department, Catalog_Number, Section, Professor_ID) VALUES ('269','ITP','410','1','742537098');
	INSERT INTO classes (Class_ID, Department, Catalog_Number, Section, Professor_ID) VALUES ('270','ITP','411','1','742537098');
	INSERT INTO classes (Class_ID, Department, Catalog_Number, Section, Professor_ID) VALUES ('271','ITP','512','1','742537098');
	INSERT INTO classes (Class_ID, Department, Catalog_Number, Section, Professor_ID) VALUES ('272','MATE','111','1','725941917');
	INSERT INTO classes (Class_ID, Department, Catalog_Number, Section, Professor_ID) VALUES ('273','MATE','123','1','725941917');
	INSERT INTO classes (Class_ID, Department, Catalog_Number, Section, Professor_ID) VALUES ('274','MATE','210','1','725941917');
	INSERT INTO classes (Class_ID, Department, Catalog_Number, Section, Professor_ID) VALUES ('275','MATE','211','1','725941917');
	INSERT INTO classes (Class_ID, Department, Catalog_Number, Section, Professor_ID) VALUES ('276','MATE','215','1','725941917');
	INSERT INTO classes (Class_ID, Department, Catalog_Number, Section, Professor_ID) VALUES ('277','MATE','220','1','725941917');
	INSERT INTO classes (Class_ID, Department, Catalog_Number, Section, Professor_ID) VALUES ('278','ME','134','1','978507908');
	INSERT INTO classes (Class_ID, Department, Catalog_Number, Section, Professor_ID) VALUES ('279','ME','151','1','978507908');
	INSERT INTO classes (Class_ID, Department, Catalog_Number, Section, Professor_ID) VALUES ('280','ME','211','1','978507908');
	INSERT INTO classes (Class_ID, Department, Catalog_Number, Section, Professor_ID) VALUES ('281','ME','212','1','978507908');
	INSERT INTO classes (Class_ID, Department, Catalog_Number, Section, Professor_ID) VALUES ('282','ME','318','1','978507908');
	INSERT INTO classes (Class_ID, Department, Catalog_Number, Section, Professor_ID) VALUES ('283','ME','328','1','978507908');
	INSERT INTO classes (Class_ID, Department, Catalog_Number, Section, Professor_ID) VALUES ('284','PHIL','125','1','677008768');
	INSERT INTO classes (Class_ID, Department, Catalog_Number, Section, Professor_ID) VALUES ('285','PHIL','213','1','677008768');
	INSERT INTO classes (Class_ID, Department, Catalog_Number, Section, Professor_ID) VALUES ('286','PHIL','230','1','677008768');
	INSERT INTO classes (Class_ID, Department, Catalog_Number, Section, Professor_ID) VALUES ('287','PHIL','231','1','677008768');
	INSERT INTO classes (Class_ID, Department, Catalog_Number, Section, Professor_ID) VALUES ('288','PHIL','232','1','677008768');
	INSERT INTO classes (Class_ID, Department, Catalog_Number, Section, Professor_ID) VALUES ('289','RELS','350','1','677008768');
	INSERT INTO classes (Class_ID, Department, Catalog_Number, Section, Professor_ID) VALUES ('290','WVIT','102','1','840012155');
	INSERT INTO classes (Class_ID, Department, Catalog_Number, Section, Professor_ID) VALUES ('291','TH','272','1','769528693');
	INSERT INTO classes (Class_ID, Department, Catalog_Number, Section, Professor_ID) VALUES ('292','AGB','301','1','769528693');
	INSERT INTO classes (Class_ID, Department, Catalog_Number, Section, Professor_ID) VALUES ('293','TH','201','1','692640439');
	INSERT INTO classes (Class_ID, Department, Catalog_Number, Section, Professor_ID) VALUES ('294','STAT','331','1','828690954');
	INSERT INTO classes (Class_ID, Department, Catalog_Number, Section, Professor_ID) VALUES ('295','STAT','212','1','747393845');
	INSERT INTO classes (Class_ID, Department, Catalog_Number, Section, Professor_ID) VALUES ('296','STAT','217','1','747393845');
	INSERT INTO classes (Class_ID, Department, Catalog_Number, Section, Professor_ID) VALUES ('297','REC','127','1','720101239');
	INSERT INTO classes (Class_ID, Department, Catalog_Number, Section, Professor_ID) VALUES ('298','PSY','217','1','745968543');
	INSERT INTO classes (Class_ID, Department, Catalog_Number, Section, Professor_ID) VALUES ('299','PHYS','131','1','890658479');
	INSERT INTO classes (Class_ID, Department, Catalog_Number, Section, Professor_ID) VALUES ('300','PHYS','101','1','853125715');
	INSERT INTO classes (Class_ID, Department, Catalog_Number, Section, Professor_ID) VALUES ('301','MCRO','224','1','797927902');
	INSERT INTO classes (Class_ID, Department, Catalog_Number, Section, Professor_ID) VALUES ('302','ITP','415','1','714526641');
	INSERT INTO classes (Class_ID, Department, Catalog_Number, Section, Professor_ID) VALUES ('303','ITP','341','1','976168745');
	INSERT INTO classes (Class_ID, Department, Catalog_Number, Section, Professor_ID) VALUES ('304','ITP','326','1','787575268');
	INSERT INTO classes (Class_ID, Department, Catalog_Number, Section, Professor_ID) VALUES ('305','IME','420','1','797704902');
	INSERT INTO classes (Class_ID, Department, Catalog_Number, Section, Professor_ID) VALUES ('306','ENGL','134','1','735385937');
	INSERT INTO classes (Class_ID, Department, Catalog_Number, Section, Professor_ID) VALUES ('307','ENGL','134','2','735385937');
	INSERT INTO classes (Class_ID, Department, Catalog_Number, Section, Professor_ID) VALUES ('308','ENGL','134','1','937656053');
	INSERT INTO classes (Class_ID, Department, Catalog_Number, Section, Professor_ID) VALUES ('309','CPE','365','1','806879039');
	INSERT INTO classes (Class_ID, Department, Catalog_Number, Section, Professor_ID) VALUES ('310','CHEM','125','1','818161540');
	INSERT INTO classes (Class_ID, Department, Catalog_Number, Section, Professor_ID) VALUES ('311','BUS','445','1','927252068');
	INSERT INTO classes (Class_ID, Department, Catalog_Number, Section, Professor_ID) VALUES ('312','BUS','438','1','799395480');
	INSERT INTO classes (Class_ID, Department, Catalog_Number, Section, Professor_ID) VALUES ('313','BUS','433','1','980447449');
	INSERT INTO classes (Class_ID, Department, Catalog_Number, Section, Professor_ID) VALUES ('314','BUS','404','1','676274686');
	INSERT INTO classes (Class_ID, Department, Catalog_Number, Section, Professor_ID) VALUES ('315','BUS','404','1','718100400');
	INSERT INTO classes (Class_ID, Department, Catalog_Number, Section, Professor_ID) VALUES ('316','BUS','401','1','958664263');
	INSERT INTO classes (Class_ID, Department, Catalog_Number, Section, Professor_ID) VALUES ('317','BUS','401','1','960511109');
	INSERT INTO classes (Class_ID, Department, Catalog_Number, Section, Professor_ID) VALUES ('318','BUS','391','2','737009753');
	INSERT INTO classes (Class_ID, Department, Catalog_Number, Section, Professor_ID) VALUES ('319','BUS','391','1','737009753');
	INSERT INTO classes (Class_ID, Department, Catalog_Number, Section, Professor_ID) VALUES ('320','BUS','384','1','836301623');
	INSERT INTO classes (Class_ID, Department, Catalog_Number, Section, Professor_ID) VALUES ('321','BUS','346','1','853806436');
	INSERT INTO classes (Class_ID, Department, Catalog_Number, Section, Professor_ID) VALUES ('322','BUS','346','1','844248941');
	INSERT INTO classes (Class_ID, Department, Catalog_Number, Section, Professor_ID) VALUES ('323','BUS','346','1','671937371');
	INSERT INTO classes (Class_ID, Department, Catalog_Number, Section, Professor_ID) VALUES ('324','BUS','346','1','687940968');
	INSERT INTO classes (Class_ID, Department, Catalog_Number, Section, Professor_ID) VALUES ('325','BUS','311','1','708954627');
	INSERT INTO classes (Class_ID, Department, Catalog_Number, Section, Professor_ID) VALUES ('326','BUS','301','1','842815565');
	INSERT INTO classes (Class_ID, Department, Catalog_Number, Section, Professor_ID) VALUES ('327','BUS','214','1','845635864');
	INSERT INTO classes (Class_ID, Department, Catalog_Number, Section, Professor_ID) VALUES ('328','BUS','207','1','722547774');
	INSERT INTO classes (Class_ID, Department, Catalog_Number, Section, Professor_ID) VALUES ('329','BRAE','348','1','819983890');
	INSERT INTO classes (Class_ID, Department, Catalog_Number, Section, Professor_ID) VALUES ('330','BIO','231','1','747550541');
	INSERT INTO classes (Class_ID, Department, Catalog_Number, Section, Professor_ID) VALUES ('331','BIO','111','1','917863761');
	INSERT INTO classes (Class_ID, Department, Catalog_Number, Section, Professor_ID) VALUES ('332','BIO','110','1','836429118');
	INSERT INTO classes (Class_ID, Department, Catalog_Number, Section, Professor_ID) VALUES ('333','BIO','110','2','836429118');
	INSERT INTO classes (Class_ID, Department, Catalog_Number, Section, Professor_ID) VALUES ('334','ASCI','351','1','969375020');
	INSERT INTO classes (Class_ID, Department, Catalog_Number, Section, Professor_ID) VALUES ('335','ASCI','315','1','958808442');
	INSERT INTO classes (Class_ID, Department, Catalog_Number, Section, Professor_ID) VALUES ('336','ARCH','217','1','787199194');
	INSERT INTO classes (Class_ID, Department, Catalog_Number, Section, Professor_ID) VALUES ('337','ARCE','211','1','684312574');
	INSERT INTO classes (Class_ID, Department, Catalog_Number, Section, Professor_ID) VALUES ('338','SOC','110','1','998176428');
	INSERT INTO classes (Class_ID, Department, Catalog_Number, Section, Professor_ID) VALUES ('339','BUS','342','1','763124291');
	INSERT INTO classes (Class_ID, Department, Catalog_Number, Section, Professor_ID) VALUES ('340','BUS','206','1','776413309');
	INSERT INTO classes (Class_ID, Department, Catalog_Number, Section, Professor_ID) VALUES ('341','BUS','214','2','803921959');
	INSERT INTO classes (Class_ID, Department, Catalog_Number, Section, Professor_ID) VALUES ('342','BUS','214','1','803921959');
	INSERT INTO classes (Class_ID, Department, Catalog_Number, Section, Professor_ID) VALUES ('343','JOUR','285','1','796744307');
	INSERT INTO classes (Class_ID, Department, Catalog_Number, Section, Professor_ID) VALUES ('344','POLS','111','1','815220649');
	INSERT INTO classes (Class_ID, Department, Catalog_Number, Section, Professor_ID) VALUES ('345','MATH','141','1','773403432');
	

/*insert into disability table*/


INSERT INTO Disability (Disability_ID, Name, Description) VALUES ('109087','Attention deficit hyperactivity disorder','Limited attention');
	INSERT INTO Disability (Disability_ID, Name, Description) VALUES ('133397','Deafness','Hearing impaired');
	INSERT INTO Disability (Disability_ID, Name, Description) VALUES ('162162','Blindness','Visually impaired');
	INSERT INTO Disability (Disability_ID, Name, Description) VALUES ('141483','Dyslexia','Difficulty reading');
	INSERT INTO Disability (Disability_ID, Name, Description) VALUES ('193632','Wheelchair','Lack of mobility');
	INSERT INTO Disability (Disability_ID, Name, Description) VALUES ('190450','Anxiety','Response to stress');
	INSERT INTO Disability (Disability_ID, Name, Description) VALUES ('188025','Non-Verbal Learning Disabilities','Difficulity processing cues');
	INSERT INTO Disability (Disability_ID, Name, Description) VALUES ('145016','Dyscalculia','Challenges with math');
	INSERT INTO Disability (Disability_ID, Name, Description) VALUES ('120047','Autism','Developmental disorder');
	INSERT INTO Disability (Disability_ID, Name, Description) VALUES ('124351','Post traumatic stress disorder','Difficulty recovering from trauma');
	INSERT INTO Disability (Disability_ID, Name, Description) VALUES ('175991','Concussion','Traumatic brain injury');
	INSERT INTO Disability (Disability_ID, Name, Description) VALUES ('164326','Epilepsy','Seizure disorder');
	INSERT INTO Disability (Disability_ID, Name, Description) VALUES ('145581','Broken bone','Unable to use certain body parts');
	INSERT INTO Disability (Disability_ID, Name, Description) VALUES ('130830','Depression','Mood changes causing daily life impairment');
	INSERT INTO Disability (Disability_ID, Name, Description) VALUES ('148425','Diabetes','Too much sugar in the blood');
	

/*Disability_accomodation_map insert statements*/


INSERT INTO Disability_Accommodation_Map (Disability_ID, Accomodation_ID) VALUES ('109087','191700');
	INSERT INTO Disability_Accommodation_Map (Disability_ID, Accomodation_ID) VALUES ('109087','167524');
	INSERT INTO Disability_Accommodation_Map (Disability_ID, Accomodation_ID) VALUES ('109087','192179');
	INSERT INTO Disability_Accommodation_Map (Disability_ID, Accomodation_ID) VALUES ('133397','167524');
	INSERT INTO Disability_Accommodation_Map (Disability_ID, Accomodation_ID) VALUES ('133397','191700');
	INSERT INTO Disability_Accommodation_Map (Disability_ID, Accomodation_ID) VALUES ('162162','104266');
	INSERT INTO Disability_Accommodation_Map (Disability_ID, Accomodation_ID) VALUES ('162162','101621');
	INSERT INTO Disability_Accommodation_Map (Disability_ID, Accomodation_ID) VALUES ('162162','167524');
	INSERT INTO Disability_Accommodation_Map (Disability_ID, Accomodation_ID) VALUES ('141483','167524');
	INSERT INTO Disability_Accommodation_Map (Disability_ID, Accomodation_ID) VALUES ('141483','190784');
	INSERT INTO Disability_Accommodation_Map (Disability_ID, Accomodation_ID) VALUES ('141483','191700');
	INSERT INTO Disability_Accommodation_Map (Disability_ID, Accomodation_ID) VALUES ('193632','131996');
	INSERT INTO Disability_Accommodation_Map (Disability_ID, Accomodation_ID) VALUES ('193632','191700');
	INSERT INTO Disability_Accommodation_Map (Disability_ID, Accomodation_ID) VALUES ('190450','191700');
	INSERT INTO Disability_Accommodation_Map (Disability_ID, Accomodation_ID) VALUES ('190450','167524');
	INSERT INTO Disability_Accommodation_Map (Disability_ID, Accomodation_ID) VALUES ('190450','134264');
	INSERT INTO Disability_Accommodation_Map (Disability_ID, Accomodation_ID) VALUES ('190450','192179');
	INSERT INTO Disability_Accommodation_Map (Disability_ID, Accomodation_ID) VALUES ('190450','143899');
	INSERT INTO Disability_Accommodation_Map (Disability_ID, Accomodation_ID) VALUES ('188025','167524');
	INSERT INTO Disability_Accommodation_Map (Disability_ID, Accomodation_ID) VALUES ('188025','192179');
	INSERT INTO Disability_Accommodation_Map (Disability_ID, Accomodation_ID) VALUES ('188025','190784');
	INSERT INTO Disability_Accommodation_Map (Disability_ID, Accomodation_ID) VALUES ('188025','150196');
	INSERT INTO Disability_Accommodation_Map (Disability_ID, Accomodation_ID) VALUES ('145016','109567');
	INSERT INTO Disability_Accommodation_Map (Disability_ID, Accomodation_ID) VALUES ('145016','191700');
	INSERT INTO Disability_Accommodation_Map (Disability_ID, Accomodation_ID) VALUES ('145016','167524');
	INSERT INTO Disability_Accommodation_Map (Disability_ID, Accomodation_ID) VALUES ('120047','191700');
	INSERT INTO Disability_Accommodation_Map (Disability_ID, Accomodation_ID) VALUES ('120047','167524');
	INSERT INTO Disability_Accommodation_Map (Disability_ID, Accomodation_ID) VALUES ('120047','178932');
	INSERT INTO Disability_Accommodation_Map (Disability_ID, Accomodation_ID) VALUES ('124351','192179');
	INSERT INTO Disability_Accommodation_Map (Disability_ID, Accomodation_ID) VALUES ('124351','167524');
	INSERT INTO Disability_Accommodation_Map (Disability_ID, Accomodation_ID) VALUES ('124351','143899');
	INSERT INTO Disability_Accommodation_Map (Disability_ID, Accomodation_ID) VALUES ('124351','134264');
	INSERT INTO Disability_Accommodation_Map (Disability_ID, Accomodation_ID) VALUES ('175991','192179');
	INSERT INTO Disability_Accommodation_Map (Disability_ID, Accomodation_ID) VALUES ('175991','167524');
	INSERT INTO Disability_Accommodation_Map (Disability_ID, Accomodation_ID) VALUES ('175991','191700');
	INSERT INTO Disability_Accommodation_Map (Disability_ID, Accomodation_ID) VALUES ('164326','167524');
	INSERT INTO Disability_Accommodation_Map (Disability_ID, Accomodation_ID) VALUES ('164326','134264');
	INSERT INTO Disability_Accommodation_Map (Disability_ID, Accomodation_ID) VALUES ('145581','178932');
	INSERT INTO Disability_Accommodation_Map (Disability_ID, Accomodation_ID) VALUES ('145581','124648');
	INSERT INTO Disability_Accommodation_Map (Disability_ID, Accomodation_ID) VALUES ('145581','167524');
	INSERT INTO Disability_Accommodation_Map (Disability_ID, Accomodation_ID) VALUES ('145581','131996');
	INSERT INTO Disability_Accommodation_Map (Disability_ID, Accomodation_ID) VALUES ('130830','167524');
	INSERT INTO Disability_Accommodation_Map (Disability_ID, Accomodation_ID) VALUES ('130830','192179');
	INSERT INTO Disability_Accommodation_Map (Disability_ID, Accomodation_ID) VALUES ('130830','134264');
	INSERT INTO Disability_Accommodation_Map (Disability_ID, Accomodation_ID) VALUES ('148425','167524');
	INSERT INTO Disability_Accommodation_Map (Disability_ID, Accomodation_ID) VALUES ('148425','192179');
	

/*insert into exam table*/


INSERT INTO exam (Exam_ID, Class_ID, Date_Administered, Materials_Allowed) VALUES ('1','144',to_date('43734','YYYY-MM-DD'),'Calculator');
	INSERT INTO exam (Exam_ID, Class_ID, Date_Administered, Materials_Allowed) VALUES ('2','288',to_date('43735','YYYY-MM-DD'),'Equation Sheet, Calculator');
	INSERT INTO exam (Exam_ID, Class_ID, Date_Administered, Materials_Allowed) VALUES ('3','16',to_date('43738','YYYY-MM-DD'));
	INSERT INTO exam (Exam_ID, Class_ID, Date_Administered, Materials_Allowed) VALUES ('4','170',to_date('43740','YYYY-MM-DD'),'Equation Sheet');
	INSERT INTO exam (Exam_ID, Class_ID, Date_Administered, Materials_Allowed) VALUES ('5','298',to_date('43748','YYYY-MM-DD'),'Open Notes');
	INSERT INTO exam (Exam_ID, Class_ID, Date_Administered, Materials_Allowed) VALUES ('6','90',to_date('43749','YYYY-MM-DD'));
	INSERT INTO exam (Exam_ID, Class_ID, Date_Administered, Materials_Allowed) VALUES ('7','222',to_date('43749','YYYY-MM-DD'));
	INSERT INTO exam (Exam_ID, Class_ID, Date_Administered, Materials_Allowed) VALUES ('8','201',to_date('43752','YYYY-MM-DD'),'Calculator');
	INSERT INTO exam (Exam_ID, Class_ID, Date_Administered, Materials_Allowed) VALUES ('9','201',to_date('43753','YYYY-MM-DD'),'Equation Sheet, Calculator');
	INSERT INTO exam (Exam_ID, Class_ID, Date_Administered, Materials_Allowed) VALUES ('10','119',to_date('43753','YYYY-MM-DD'));
	INSERT INTO exam (Exam_ID, Class_ID, Date_Administered, Materials_Allowed) VALUES ('11','251',to_date('43753','YYYY-MM-DD'));
	INSERT INTO exam (Exam_ID, Class_ID, Date_Administered, Materials_Allowed) VALUES ('12','129',to_date('43754','YYYY-MM-DD'),'Equation Sheet');
	INSERT INTO exam (Exam_ID, Class_ID, Date_Administered, Materials_Allowed) VALUES ('13','310',to_date('43754','YYYY-MM-DD'));
	INSERT INTO exam (Exam_ID, Class_ID, Date_Administered, Materials_Allowed) VALUES ('14','73',to_date('43756','YYYY-MM-DD'));
	INSERT INTO exam (Exam_ID, Class_ID, Date_Administered, Materials_Allowed) VALUES ('15','26',to_date('43759','YYYY-MM-DD'),'Calculator');
	INSERT INTO exam (Exam_ID, Class_ID, Date_Administered, Materials_Allowed) VALUES ('16','15',to_date('43760','YYYY-MM-DD'));
	INSERT INTO exam (Exam_ID, Class_ID, Date_Administered, Materials_Allowed) VALUES ('17','135',to_date('43761','YYYY-MM-DD'));
	INSERT INTO exam (Exam_ID, Class_ID, Date_Administered, Materials_Allowed) VALUES ('18','16',to_date('43761','YYYY-MM-DD'),'Equation Sheet');
	INSERT INTO exam (Exam_ID, Class_ID, Date_Administered, Materials_Allowed) VALUES ('19','85',to_date('43762','YYYY-MM-DD'));
	INSERT INTO exam (Exam_ID, Class_ID, Date_Administered, Materials_Allowed) VALUES ('20','33',to_date('43767','YYYY-MM-DD'));
	INSERT INTO exam (Exam_ID, Class_ID, Date_Administered, Materials_Allowed) VALUES ('21','134',to_date('43767','YYYY-MM-DD'),'Equation Sheet, Protactor');
	INSERT INTO exam (Exam_ID, Class_ID, Date_Administered, Materials_Allowed) VALUES ('22','280',to_date('43767','YYYY-MM-DD'));
	INSERT INTO exam (Exam_ID, Class_ID, Date_Administered, Materials_Allowed) VALUES ('23','274',to_date('43768','YYYY-MM-DD'),'Equation Sheet, Calculator');
	INSERT INTO exam (Exam_ID, Class_ID, Date_Administered, Materials_Allowed) VALUES ('24','242',to_date('43770','YYYY-MM-DD'));
	INSERT INTO exam (Exam_ID, Class_ID, Date_Administered, Materials_Allowed) VALUES ('25','78',to_date('43770','YYYY-MM-DD'));
	INSERT INTO exam (Exam_ID, Class_ID, Date_Administered, Materials_Allowed) VALUES ('26','194',to_date('43770','YYYY-MM-DD'),'Equation Sheet, Calculator');
	INSERT INTO exam (Exam_ID, Class_ID, Date_Administered, Materials_Allowed) VALUES ('27','264',to_date('43773','YYYY-MM-DD'),'Equation Sheet');
	INSERT INTO exam (Exam_ID, Class_ID, Date_Administered, Materials_Allowed) VALUES ('28','95',to_date('43773','YYYY-MM-DD'));
	INSERT INTO exam (Exam_ID, Class_ID, Date_Administered, Materials_Allowed) VALUES ('29','225',to_date('43774','YYYY-MM-DD'));
	INSERT INTO exam (Exam_ID, Class_ID, Date_Administered, Materials_Allowed) VALUES ('30','22',to_date('43775','YYYY-MM-DD'),'Calculator');
	INSERT INTO exam (Exam_ID, Class_ID, Date_Administered, Materials_Allowed) VALUES ('31','270',to_date('43775','YYYY-MM-DD'));
	INSERT INTO exam (Exam_ID, Class_ID, Date_Administered, Materials_Allowed) VALUES ('32','143',to_date('43777','YYYY-MM-DD'));
	INSERT INTO exam (Exam_ID, Class_ID, Date_Administered, Materials_Allowed) VALUES ('33','249',to_date('43777','YYYY-MM-DD'),'Equation Sheet, Protactor');
	INSERT INTO exam (Exam_ID, Class_ID, Date_Administered, Materials_Allowed) VALUES ('34','205',to_date('43777','YYYY-MM-DD'));
	INSERT INTO exam (Exam_ID, Class_ID, Date_Administered, Materials_Allowed) VALUES ('35','239',to_date('43780','YYYY-MM-DD'));
	INSERT INTO exam (Exam_ID, Class_ID, Date_Administered, Materials_Allowed) VALUES ('36','110',to_date('43780','YYYY-MM-DD'),'Equation Sheet');
	INSERT INTO exam (Exam_ID, Class_ID, Date_Administered, Materials_Allowed) VALUES ('37','258',to_date('43780','YYYY-MM-DD'),'Calculator');
	INSERT INTO exam (Exam_ID, Class_ID, Date_Administered, Materials_Allowed) VALUES ('38','282',to_date('43780','YYYY-MM-DD'),'Open Notes');
	INSERT INTO exam (Exam_ID, Class_ID, Date_Administered, Materials_Allowed) VALUES ('39','264',to_date('43782','YYYY-MM-DD'),'Equation Sheet, Calculator');
	INSERT INTO exam (Exam_ID, Class_ID, Date_Administered, Materials_Allowed) VALUES ('40','42',to_date('43782','YYYY-MM-DD'));
	INSERT INTO exam (Exam_ID, Class_ID, Date_Administered, Materials_Allowed) VALUES ('41','205',to_date('43782','YYYY-MM-DD'));
	INSERT INTO exam (Exam_ID, Class_ID, Date_Administered, Materials_Allowed) VALUES ('42','180',to_date('43784','YYYY-MM-DD'));
	INSERT INTO exam (Exam_ID, Class_ID, Date_Administered, Materials_Allowed) VALUES ('43','99',to_date('43784','YYYY-MM-DD'));
	INSERT INTO exam (Exam_ID, Class_ID, Date_Administered, Materials_Allowed) VALUES ('44','41',to_date('43784','YYYY-MM-DD'),'Equation Sheet');
	INSERT INTO exam (Exam_ID, Class_ID, Date_Administered, Materials_Allowed) VALUES ('45','345',to_date('43787','YYYY-MM-DD'),'Calculator');
	INSERT INTO exam (Exam_ID, Class_ID, Date_Administered, Materials_Allowed) VALUES ('46','180',to_date('43787','YYYY-MM-DD'),'Calculator');
	INSERT INTO exam (Exam_ID, Class_ID, Date_Administered, Materials_Allowed) VALUES ('47','111',to_date('43788','YYYY-MM-DD'));
	INSERT INTO exam (Exam_ID, Class_ID, Date_Administered, Materials_Allowed) VALUES ('48','268',to_date('43789','YYYY-MM-DD'));
	INSERT INTO exam (Exam_ID, Class_ID, Date_Administered, Materials_Allowed) VALUES ('49','127',to_date('43790','YYYY-MM-DD'),'Equation Sheet, Calculator');
	INSERT INTO exam (Exam_ID, Class_ID, Date_Administered, Materials_Allowed) VALUES ('50','154',to_date('43791','YYYY-MM-DD'));
	INSERT INTO exam (Exam_ID, Class_ID, Date_Administered, Materials_Allowed) VALUES ('51','162',to_date('43791','YYYY-MM-DD'));
	INSERT INTO exam (Exam_ID, Class_ID, Date_Administered, Materials_Allowed) VALUES ('52','72',to_date('43801','YYYY-MM-DD'),'Equation Sheet');
	INSERT INTO exam (Exam_ID, Class_ID, Date_Administered, Materials_Allowed) VALUES ('53','311',to_date('43801','YYYY-MM-DD'),'Open Notes');
	INSERT INTO exam (Exam_ID, Class_ID, Date_Administered, Materials_Allowed) VALUES ('54','241',to_date('43802','YYYY-MM-DD'),'Equation Sheet');
	INSERT INTO exam (Exam_ID, Class_ID, Date_Administered, Materials_Allowed) VALUES ('55','83',to_date('43802','YYYY-MM-DD'));
	INSERT INTO exam (Exam_ID, Class_ID, Date_Administered, Materials_Allowed) VALUES ('56','122',to_date('43802','YYYY-MM-DD'),'Calculator');
	INSERT INTO exam (Exam_ID, Class_ID, Date_Administered, Materials_Allowed) VALUES ('57','206',to_date('43803','YYYY-MM-DD'),'Equation Sheet, Calculator');
	INSERT INTO exam (Exam_ID, Class_ID, Date_Administered, Materials_Allowed) VALUES ('58','99',to_date('43803','YYYY-MM-DD'));
	INSERT INTO exam (Exam_ID, Class_ID, Date_Administered, Materials_Allowed) VALUES ('59','324',to_date('43803','YYYY-MM-DD'));
	INSERT INTO exam (Exam_ID, Class_ID, Date_Administered, Materials_Allowed) VALUES ('60','132',to_date('43803','YYYY-MM-DD'),'Equation Sheet, Protactor');
	INSERT INTO exam (Exam_ID, Class_ID, Date_Administered, Materials_Allowed) VALUES ('61','1',to_date('43803','YYYY-MM-DD'));
	INSERT INTO exam (Exam_ID, Class_ID, Date_Administered, Materials_Allowed) VALUES ('62','79',to_date('43803','YYYY-MM-DD'));
	INSERT INTO exam (Exam_ID, Class_ID, Date_Administered, Materials_Allowed) VALUES ('63','25',to_date('43803','YYYY-MM-DD'),'Calculator');
	INSERT INTO exam (Exam_ID, Class_ID, Date_Administered, Materials_Allowed) VALUES ('64','27',to_date('43803','YYYY-MM-DD'),'Equation Sheet');
	INSERT INTO exam (Exam_ID, Class_ID, Date_Administered, Materials_Allowed) VALUES ('65','307',to_date('43804','YYYY-MM-DD'));
	INSERT INTO exam (Exam_ID, Class_ID, Date_Administered, Materials_Allowed) VALUES ('66','304',to_date('43804','YYYY-MM-DD'));
	INSERT INTO exam (Exam_ID, Class_ID, Date_Administered, Materials_Allowed) VALUES ('67','247',to_date('43805','YYYY-MM-DD'));
	INSERT INTO exam (Exam_ID, Class_ID, Date_Administered, Materials_Allowed) VALUES ('68','105',to_date('43805','YYYY-MM-DD'));
	INSERT INTO exam (Exam_ID, Class_ID, Date_Administered, Materials_Allowed) VALUES ('69','4',to_date('43805','YYYY-MM-DD'),'Equation Sheet, Calculator');
	INSERT INTO exam (Exam_ID, Class_ID, Date_Administered, Materials_Allowed) VALUES ('70','285',to_date('43807','YYYY-MM-DD'));
	INSERT INTO exam (Exam_ID, Class_ID, Date_Administered, Materials_Allowed) VALUES ('71','161',to_date('43807','YYYY-MM-DD'),'Open Notes');
	INSERT INTO exam (Exam_ID, Class_ID, Date_Administered, Materials_Allowed) VALUES ('72','320',to_date('43807','YYYY-MM-DD'),'Equation Sheet');
	INSERT INTO exam (Exam_ID, Class_ID, Date_Administered, Materials_Allowed) VALUES ('73','178',to_date('43807','YYYY-MM-DD'),'Calculator');
	INSERT INTO exam (Exam_ID, Class_ID, Date_Administered, Materials_Allowed) VALUES ('74','207',to_date('43807','YYYY-MM-DD'));
	INSERT INTO exam (Exam_ID, Class_ID, Date_Administered, Materials_Allowed) VALUES ('75','304',to_date('43808','YYYY-MM-DD'));
	INSERT INTO exam (Exam_ID, Class_ID, Date_Administered, Materials_Allowed) VALUES ('76','199',to_date('43808','YYYY-MM-DD'),'Calculator');
	INSERT INTO exam (Exam_ID, Class_ID, Date_Administered, Materials_Allowed) VALUES ('77','251',to_date('43808','YYYY-MM-DD'));
	INSERT INTO exam (Exam_ID, Class_ID, Date_Administered, Materials_Allowed) VALUES ('78','146',to_date('43808','YYYY-MM-DD'));
	INSERT INTO exam (Exam_ID, Class_ID, Date_Administered, Materials_Allowed) VALUES ('79','279',to_date('43808','YYYY-MM-DD'));
	INSERT INTO exam (Exam_ID, Class_ID, Date_Administered, Materials_Allowed) VALUES ('80','16',to_date('43808','YYYY-MM-DD'),'Equation Sheet');
	INSERT INTO exam (Exam_ID, Class_ID, Date_Administered, Materials_Allowed) VALUES ('81','178',to_date('43808','YYYY-MM-DD'),'Calculator');
	INSERT INTO exam (Exam_ID, Class_ID, Date_Administered, Materials_Allowed) VALUES ('82','45',to_date('43808','YYYY-MM-DD'),'Equation Sheet, Calculator');
	INSERT INTO exam (Exam_ID, Class_ID, Date_Administered, Materials_Allowed) VALUES ('83','109',to_date('43809','YYYY-MM-DD'));
	INSERT INTO exam (Exam_ID, Class_ID, Date_Administered, Materials_Allowed) VALUES ('84','215',to_date('43810','YYYY-MM-DD'));
	INSERT INTO exam (Exam_ID, Class_ID, Date_Administered, Materials_Allowed) VALUES ('85','74',to_date('43810','YYYY-MM-DD'),'Equation Sheet, Protactor');
	INSERT INTO exam (Exam_ID, Class_ID, Date_Administered, Materials_Allowed) VALUES ('86','331',to_date('43810','YYYY-MM-DD'),'Equation Sheet');
	INSERT INTO exam (Exam_ID, Class_ID, Date_Administered, Materials_Allowed) VALUES ('87','261',to_date('43810','YYYY-MM-DD'),'Calculator');
	INSERT INTO exam (Exam_ID, Class_ID, Date_Administered, Materials_Allowed) VALUES ('88','103',to_date('43811','YYYY-MM-DD'));
	INSERT INTO exam (Exam_ID, Class_ID, Date_Administered, Materials_Allowed) VALUES ('89','342',to_date('43811','YYYY-MM-DD'));
	INSERT INTO exam (Exam_ID, Class_ID, Date_Administered, Materials_Allowed) VALUES ('90','137',to_date('43811','YYYY-MM-DD'),'Equation Sheet, Calculator');
	INSERT INTO exam (Exam_ID, Class_ID, Date_Administered, Materials_Allowed) VALUES ('91','31',to_date('43811','YYYY-MM-DD'),'Equation Sheet');
	INSERT INTO exam (Exam_ID, Class_ID, Date_Administered, Materials_Allowed) VALUES ('92','39',to_date('43811','YYYY-MM-DD'));
	INSERT INTO exam (Exam_ID, Class_ID, Date_Administered, Materials_Allowed) VALUES ('93','230',to_date('43811','YYYY-MM-DD'));
	INSERT INTO exam (Exam_ID, Class_ID, Date_Administered, Materials_Allowed) VALUES ('94','97',to_date('43811','YYYY-MM-DD'),'Calculator');
	INSERT INTO exam (Exam_ID, Class_ID, Date_Administered, Materials_Allowed) VALUES ('95','338',to_date('43811','YYYY-MM-DD'),'Calculator');
	INSERT INTO exam (Exam_ID, Class_ID, Date_Administered, Materials_Allowed) VALUES ('96','320',to_date('43812','YYYY-MM-DD'));
	INSERT INTO exam (Exam_ID, Class_ID, Date_Administered, Materials_Allowed) VALUES ('97','161',to_date('43812','YYYY-MM-DD'),'Equation Sheet, Calculator');
	INSERT INTO exam (Exam_ID, Class_ID, Date_Administered, Materials_Allowed) VALUES ('98','307',to_date('43812','YYYY-MM-DD'));
	INSERT INTO exam (Exam_ID, Class_ID, Date_Administered, Materials_Allowed) VALUES ('99','212',to_date('43812','YYYY-MM-DD'),'Equation Sheet');
	INSERT INTO exam (Exam_ID, Class_ID, Date_Administered, Materials_Allowed) VALUES ('100','278',to_date('43812','YYYY-MM-DD'),'Calculator');
	

/*insert into Exam_Student_Map*/


INSERT INTO exam_student_map (Exam_ID, Student_ID) VALUES ('1','233182325');
	INSERT INTO exam_student_map (Exam_ID, Student_ID) VALUES ('2','221049536');
	INSERT INTO exam_student_map (Exam_ID, Student_ID) VALUES ('3','499655833');
	INSERT INTO exam_student_map (Exam_ID, Student_ID) VALUES ('4','379977143');
	INSERT INTO exam_student_map (Exam_ID, Student_ID) VALUES ('5','282676352');
	INSERT INTO exam_student_map (Exam_ID, Student_ID) VALUES ('6','478969815');
	INSERT INTO exam_student_map (Exam_ID, Student_ID) VALUES ('7','515491054');
	INSERT INTO exam_student_map (Exam_ID, Student_ID) VALUES ('8','137753121');
	INSERT INTO exam_student_map (Exam_ID, Student_ID) VALUES ('9','230744851');
	INSERT INTO exam_student_map (Exam_ID, Student_ID) VALUES ('10','539259078');
	INSERT INTO exam_student_map (Exam_ID, Student_ID) VALUES ('11','355609731');
	INSERT INTO exam_student_map (Exam_ID, Student_ID) VALUES ('12','437686722');
	INSERT INTO exam_student_map (Exam_ID, Student_ID) VALUES ('13','450134458');
	INSERT INTO exam_student_map (Exam_ID, Student_ID) VALUES ('14','135252590');
	INSERT INTO exam_student_map (Exam_ID, Student_ID) VALUES ('15','226695091');
	INSERT INTO exam_student_map (Exam_ID, Student_ID) VALUES ('16','319904087');
	INSERT INTO exam_student_map (Exam_ID, Student_ID) VALUES ('17','137753121');
	INSERT INTO exam_student_map (Exam_ID, Student_ID) VALUES ('18','499655833');
	INSERT INTO exam_student_map (Exam_ID, Student_ID) VALUES ('19','403044783');
	INSERT INTO exam_student_map (Exam_ID, Student_ID) VALUES ('20','551172318');
	INSERT INTO exam_student_map (Exam_ID, Student_ID) VALUES ('21','173879502');
	INSERT INTO exam_student_map (Exam_ID, Student_ID) VALUES ('22','301042687');
	INSERT INTO exam_student_map (Exam_ID, Student_ID) VALUES ('23','383584223');
	INSERT INTO exam_student_map (Exam_ID, Student_ID) VALUES ('24','475033393');
	INSERT INTO exam_student_map (Exam_ID, Student_ID) VALUES ('25','542271488');
	INSERT INTO exam_student_map (Exam_ID, Student_ID) VALUES ('26','542271488');
	INSERT INTO exam_student_map (Exam_ID, Student_ID) VALUES ('27','137753121');
	INSERT INTO exam_student_map (Exam_ID, Student_ID) VALUES ('28','370821353');
	INSERT INTO exam_student_map (Exam_ID, Student_ID) VALUES ('29','516508364');
	INSERT INTO exam_student_map (Exam_ID, Student_ID) VALUES ('30','552364281');
	INSERT INTO exam_student_map (Exam_ID, Student_ID) VALUES ('31','167881234');
	INSERT INTO exam_student_map (Exam_ID, Student_ID) VALUES ('32','546306566');
	INSERT INTO exam_student_map (Exam_ID, Student_ID) VALUES ('33','370036114');
	INSERT INTO exam_student_map (Exam_ID, Student_ID) VALUES ('34','390675248');
	INSERT INTO exam_student_map (Exam_ID, Student_ID) VALUES ('35','412529915');
	INSERT INTO exam_student_map (Exam_ID, Student_ID) VALUES ('36','136303368');
	INSERT INTO exam_student_map (Exam_ID, Student_ID) VALUES ('37','541240028');
	INSERT INTO exam_student_map (Exam_ID, Student_ID) VALUES ('38','146526379');
	INSERT INTO exam_student_map (Exam_ID, Student_ID) VALUES ('39','152374825');
	INSERT INTO exam_student_map (Exam_ID, Student_ID) VALUES ('40','342058330');
	INSERT INTO exam_student_map (Exam_ID, Student_ID) VALUES ('41','390675248');
	INSERT INTO exam_student_map (Exam_ID, Student_ID) VALUES ('42','351130447');
	INSERT INTO exam_student_map (Exam_ID, Student_ID) VALUES ('43','205383533');
	INSERT INTO exam_student_map (Exam_ID, Student_ID) VALUES ('44','117145590');
	INSERT INTO exam_student_map (Exam_ID, Student_ID) VALUES ('45','251200273');
	INSERT INTO exam_student_map (Exam_ID, Student_ID) VALUES ('46','351130447');
	INSERT INTO exam_student_map (Exam_ID, Student_ID) VALUES ('47','362887634');
	INSERT INTO exam_student_map (Exam_ID, Student_ID) VALUES ('48','383584223');
	INSERT INTO exam_student_map (Exam_ID, Student_ID) VALUES ('49','450301937');
	INSERT INTO exam_student_map (Exam_ID, Student_ID) VALUES ('50','121826406');
	INSERT INTO exam_student_map (Exam_ID, Student_ID) VALUES ('51','457730822');
	INSERT INTO exam_student_map (Exam_ID, Student_ID) VALUES ('52','307737496');
	INSERT INTO exam_student_map (Exam_ID, Student_ID) VALUES ('53','130383110');
	INSERT INTO exam_student_map (Exam_ID, Student_ID) VALUES ('54','133637891');
	INSERT INTO exam_student_map (Exam_ID, Student_ID) VALUES ('55','135252590');
	INSERT INTO exam_student_map (Exam_ID, Student_ID) VALUES ('56','176653953');
	INSERT INTO exam_student_map (Exam_ID, Student_ID) VALUES ('57','437290040');
	INSERT INTO exam_student_map (Exam_ID, Student_ID) VALUES ('58','478969815');
	INSERT INTO exam_student_map (Exam_ID, Student_ID) VALUES ('59','521060500');
	INSERT INTO exam_student_map (Exam_ID, Student_ID) VALUES ('60','438957618');
	INSERT INTO exam_student_map (Exam_ID, Student_ID) VALUES ('61','195182484');
	INSERT INTO exam_student_map (Exam_ID, Student_ID) VALUES ('62','210931223');
	INSERT INTO exam_student_map (Exam_ID, Student_ID) VALUES ('63','372866803');
	INSERT INTO exam_student_map (Exam_ID, Student_ID) VALUES ('64','379977143');
	INSERT INTO exam_student_map (Exam_ID, Student_ID) VALUES ('65','457730822');
	INSERT INTO exam_student_map (Exam_ID, Student_ID) VALUES ('66','478137341');
	INSERT INTO exam_student_map (Exam_ID, Student_ID) VALUES ('67','301042687');
	INSERT INTO exam_student_map (Exam_ID, Student_ID) VALUES ('68','149390828');
	INSERT INTO exam_student_map (Exam_ID, Student_ID) VALUES ('69','160629955');
	INSERT INTO exam_student_map (Exam_ID, Student_ID) VALUES ('70','268987824');
	INSERT INTO exam_student_map (Exam_ID, Student_ID) VALUES ('71','252837716');
	INSERT INTO exam_student_map (Exam_ID, Student_ID) VALUES ('72','340526328');
	INSERT INTO exam_student_map (Exam_ID, Student_ID) VALUES ('73','195126459');
	INSERT INTO exam_student_map (Exam_ID, Student_ID) VALUES ('74','524127125');
	INSERT INTO exam_student_map (Exam_ID, Student_ID) VALUES ('75','478137341');
	INSERT INTO exam_student_map (Exam_ID, Student_ID) VALUES ('76','169684347');
	INSERT INTO exam_student_map (Exam_ID, Student_ID) VALUES ('77','449340321');
	INSERT INTO exam_student_map (Exam_ID, Student_ID) VALUES ('78','252837716');
	INSERT INTO exam_student_map (Exam_ID, Student_ID) VALUES ('79','481914465');
	INSERT INTO exam_student_map (Exam_ID, Student_ID) VALUES ('80','499655833');
	INSERT INTO exam_student_map (Exam_ID, Student_ID) VALUES ('81','169684347');
	INSERT INTO exam_student_map (Exam_ID, Student_ID) VALUES ('82','160826866');
	INSERT INTO exam_student_map (Exam_ID, Student_ID) VALUES ('83','215494749');
	INSERT INTO exam_student_map (Exam_ID, Student_ID) VALUES ('84','515843111');
	INSERT INTO exam_student_map (Exam_ID, Student_ID) VALUES ('85','450134458');
	INSERT INTO exam_student_map (Exam_ID, Student_ID) VALUES ('86','130383110');
	INSERT INTO exam_student_map (Exam_ID, Student_ID) VALUES ('87','334071336');
	INSERT INTO exam_student_map (Exam_ID, Student_ID) VALUES ('88','116217221');
	INSERT INTO exam_student_map (Exam_ID, Student_ID) VALUES ('89','117592451');
	INSERT INTO exam_student_map (Exam_ID, Student_ID) VALUES ('90','354648265');
	INSERT INTO exam_student_map (Exam_ID, Student_ID) VALUES ('91','111239963');
	INSERT INTO exam_student_map (Exam_ID, Student_ID) VALUES ('92','211994392');
	INSERT INTO exam_student_map (Exam_ID, Student_ID) VALUES ('93','167217505');
	INSERT INTO exam_student_map (Exam_ID, Student_ID) VALUES ('94','203807530');
	INSERT INTO exam_student_map (Exam_ID, Student_ID) VALUES ('95','233182325');
	INSERT INTO exam_student_map (Exam_ID, Student_ID) VALUES ('96','340526328');
	INSERT INTO exam_student_map (Exam_ID, Student_ID) VALUES ('97','252837716');
	INSERT INTO exam_student_map (Exam_ID, Student_ID) VALUES ('98','105739914');
	INSERT INTO exam_student_map (Exam_ID, Student_ID) VALUES ('99','172329073');
	INSERT INTO exam_student_map (Exam_ID, Student_ID) VALUES ('100','189805549');
	

/*insert student_disability_map*/


INSERT INTO Student_Disability_Map (Student_ID, Disability_ID) VALUES ('464258240','109087');
	INSERT INTO Student_Disability_Map (Student_ID, Disability_ID) VALUES ('464258240','188025');
	INSERT INTO Student_Disability_Map (Student_ID, Disability_ID) VALUES ('464258240','120047');
	INSERT INTO Student_Disability_Map (Student_ID, Disability_ID) VALUES ('464258240','109087');
	INSERT INTO Student_Disability_Map (Student_ID, Disability_ID) VALUES ('321881776','188025');
	INSERT INTO Student_Disability_Map (Student_ID, Disability_ID) VALUES ('160826866','109087');
	INSERT INTO Student_Disability_Map (Student_ID, Disability_ID) VALUES ('160826866','188025');
	INSERT INTO Student_Disability_Map (Student_ID, Disability_ID) VALUES ('169684347','109087');
	INSERT INTO Student_Disability_Map (Student_ID, Disability_ID) VALUES ('169684347','188025');
	INSERT INTO Student_Disability_Map (Student_ID, Disability_ID) VALUES ('159459217','109087');
	INSERT INTO Student_Disability_Map (Student_ID, Disability_ID) VALUES ('159459217','190450');
	INSERT INTO Student_Disability_Map (Student_ID, Disability_ID) VALUES ('189805549','109087');
	INSERT INTO Student_Disability_Map (Student_ID, Disability_ID) VALUES ('189805549','190450');
	INSERT INTO Student_Disability_Map (Student_ID, Disability_ID) VALUES ('107933975','109087');
	INSERT INTO Student_Disability_Map (Student_ID, Disability_ID) VALUES ('107933975','190450');
	INSERT INTO Student_Disability_Map (Student_ID, Disability_ID) VALUES ('496213861','109087');
	INSERT INTO Student_Disability_Map (Student_ID, Disability_ID) VALUES ('496213861','190450');
	INSERT INTO Student_Disability_Map (Student_ID, Disability_ID) VALUES ('547736852','109087');
	INSERT INTO Student_Disability_Map (Student_ID, Disability_ID) VALUES ('547736852','190450');
	INSERT INTO Student_Disability_Map (Student_ID, Disability_ID) VALUES ('266490400','109087');
	INSERT INTO Student_Disability_Map (Student_ID, Disability_ID) VALUES ('266490400','190450');
	INSERT INTO Student_Disability_Map (Student_ID, Disability_ID) VALUES ('507942915','109087');
	INSERT INTO Student_Disability_Map (Student_ID, Disability_ID) VALUES ('507942915','190450');
	INSERT INTO Student_Disability_Map (Student_ID, Disability_ID) VALUES ('132727837','109087');
	INSERT INTO Student_Disability_Map (Student_ID, Disability_ID) VALUES ('132727837','190450');
	INSERT INTO Student_Disability_Map (Student_ID, Disability_ID) VALUES ('537122489','109087');
	INSERT INTO Student_Disability_Map (Student_ID, Disability_ID) VALUES ('537122489','190450');
	INSERT INTO Student_Disability_Map (Student_ID, Disability_ID) VALUES ('259440630','109087');
	INSERT INTO Student_Disability_Map (Student_ID, Disability_ID) VALUES ('259440630','190450');
	INSERT INTO Student_Disability_Map (Student_ID, Disability_ID) VALUES ('204561133','109087');
	INSERT INTO Student_Disability_Map (Student_ID, Disability_ID) VALUES ('204561133','190450');
	INSERT INTO Student_Disability_Map (Student_ID, Disability_ID) VALUES ('280329888','109087');
	INSERT INTO Student_Disability_Map (Student_ID, Disability_ID) VALUES ('280329888','141483');
	INSERT INTO Student_Disability_Map (Student_ID, Disability_ID) VALUES ('450301937','109087');
	INSERT INTO Student_Disability_Map (Student_ID, Disability_ID) VALUES ('467129309','109087');
	INSERT INTO Student_Disability_Map (Student_ID, Disability_ID) VALUES ('248754508','109087');
	INSERT INTO Student_Disability_Map (Student_ID, Disability_ID) VALUES ('146526379','109087');
	INSERT INTO Student_Disability_Map (Student_ID, Disability_ID) VALUES ('371924965','109087');
	INSERT INTO Student_Disability_Map (Student_ID, Disability_ID) VALUES ('160629955','109087');
	INSERT INTO Student_Disability_Map (Student_ID, Disability_ID) VALUES ('132434105','109087');
	INSERT INTO Student_Disability_Map (Student_ID, Disability_ID) VALUES ('478137341','109087');
	INSERT INTO Student_Disability_Map (Student_ID, Disability_ID) VALUES ('475033393','109087');
	INSERT INTO Student_Disability_Map (Student_ID, Disability_ID) VALUES ('450134458','133397');
	INSERT INTO Student_Disability_Map (Student_ID, Disability_ID) VALUES ('210931223','133397');
	INSERT INTO Student_Disability_Map (Student_ID, Disability_ID) VALUES ('448296994','133397');
	INSERT INTO Student_Disability_Map (Student_ID, Disability_ID) VALUES ('173879502','162162');
	INSERT INTO Student_Disability_Map (Student_ID, Disability_ID) VALUES ('492388040','162162');
	INSERT INTO Student_Disability_Map (Student_ID, Disability_ID) VALUES ('191398679','141483');
	INSERT INTO Student_Disability_Map (Student_ID, Disability_ID) VALUES ('191398679','190450');
	INSERT INTO Student_Disability_Map (Student_ID, Disability_ID) VALUES ('314560674','141483');
	INSERT INTO Student_Disability_Map (Student_ID, Disability_ID) VALUES ('314560674','190450');
	INSERT INTO Student_Disability_Map (Student_ID, Disability_ID) VALUES ('453281355','141483');
	INSERT INTO Student_Disability_Map (Student_ID, Disability_ID) VALUES ('453281355','190450');
	INSERT INTO Student_Disability_Map (Student_ID, Disability_ID) VALUES ('413658984','141483');
	INSERT INTO Student_Disability_Map (Student_ID, Disability_ID) VALUES ('413658984','190450');
	INSERT INTO Student_Disability_Map (Student_ID, Disability_ID) VALUES ('299269689','141483');
	INSERT INTO Student_Disability_Map (Student_ID, Disability_ID) VALUES ('299269689','130830');
	INSERT INTO Student_Disability_Map (Student_ID, Disability_ID) VALUES ('267229407','141483');
	INSERT INTO Student_Disability_Map (Student_ID, Disability_ID) VALUES ('267229407','175991');
	INSERT INTO Student_Disability_Map (Student_ID, Disability_ID) VALUES ('172329073','141483');
	INSERT INTO Student_Disability_Map (Student_ID, Disability_ID) VALUES ('172329073','148425');
	INSERT INTO Student_Disability_Map (Student_ID, Disability_ID) VALUES ('111239963','141483');
	INSERT INTO Student_Disability_Map (Student_ID, Disability_ID) VALUES ('111239963','109087');
	INSERT INTO Student_Disability_Map (Student_ID, Disability_ID) VALUES ('111239963','130830');
	INSERT INTO Student_Disability_Map (Student_ID, Disability_ID) VALUES ('353579791','141483');
	INSERT INTO Student_Disability_Map (Student_ID, Disability_ID) VALUES ('353579791','109087');
	INSERT INTO Student_Disability_Map (Student_ID, Disability_ID) VALUES ('120000149','141483');
	INSERT INTO Student_Disability_Map (Student_ID, Disability_ID) VALUES ('120000149','109087');
	INSERT INTO Student_Disability_Map (Student_ID, Disability_ID) VALUES ('388270259','141483');
	INSERT INTO Student_Disability_Map (Student_ID, Disability_ID) VALUES ('388270259','109087');
	INSERT INTO Student_Disability_Map (Student_ID, Disability_ID) VALUES ('354648265','141483');
	INSERT INTO Student_Disability_Map (Student_ID, Disability_ID) VALUES ('354648265','145016');
	INSERT INTO Student_Disability_Map (Student_ID, Disability_ID) VALUES ('317645301','141483');
	INSERT INTO Student_Disability_Map (Student_ID, Disability_ID) VALUES ('317645301','145016');
	INSERT INTO Student_Disability_Map (Student_ID, Disability_ID) VALUES ('292282903','141483');
	INSERT INTO Student_Disability_Map (Student_ID, Disability_ID) VALUES ('292282903','145016');
	INSERT INTO Student_Disability_Map (Student_ID, Disability_ID) VALUES ('139208826','141483');
	INSERT INTO Student_Disability_Map (Student_ID, Disability_ID) VALUES ('139208826','145016');
	INSERT INTO Student_Disability_Map (Student_ID, Disability_ID) VALUES ('268987824','141483');
	INSERT INTO Student_Disability_Map (Student_ID, Disability_ID) VALUES ('233182325','141483');
	INSERT INTO Student_Disability_Map (Student_ID, Disability_ID) VALUES ('116217221','141483');
	INSERT INTO Student_Disability_Map (Student_ID, Disability_ID) VALUES ('195182484','141483');
	INSERT INTO Student_Disability_Map (Student_ID, Disability_ID) VALUES ('291800969','141483');
	INSERT INTO Student_Disability_Map (Student_ID, Disability_ID) VALUES ('115666123','141483');
	INSERT INTO Student_Disability_Map (Student_ID, Disability_ID) VALUES ('360459292','190450');
	INSERT INTO Student_Disability_Map (Student_ID, Disability_ID) VALUES ('480684449','193632');
	INSERT INTO Student_Disability_Map (Student_ID, Disability_ID) VALUES ('480684449','190450');
	INSERT INTO Student_Disability_Map (Student_ID, Disability_ID) VALUES ('551172318','193632');
	INSERT INTO Student_Disability_Map (Student_ID, Disability_ID) VALUES ('551172318','190450');
	INSERT INTO Student_Disability_Map (Student_ID, Disability_ID) VALUES ('453238172','193632');
	INSERT INTO Student_Disability_Map (Student_ID, Disability_ID) VALUES ('174974516','193632');
	INSERT INTO Student_Disability_Map (Student_ID, Disability_ID) VALUES ('176653953','193632');
	INSERT INTO Student_Disability_Map (Student_ID, Disability_ID) VALUES ('105739914','193632');
	INSERT INTO Student_Disability_Map (Student_ID, Disability_ID) VALUES ('499655833','193632');
	INSERT INTO Student_Disability_Map (Student_ID, Disability_ID) VALUES ('481914465','193632');
	INSERT INTO Student_Disability_Map (Student_ID, Disability_ID) VALUES ('370821353','193632');
	INSERT INTO Student_Disability_Map (Student_ID, Disability_ID) VALUES ('227731148','190450');
	INSERT INTO Student_Disability_Map (Student_ID, Disability_ID) VALUES ('227731148','124351');
	INSERT INTO Student_Disability_Map (Student_ID, Disability_ID) VALUES ('528092886','190450');
	INSERT INTO Student_Disability_Map (Student_ID, Disability_ID) VALUES ('528092886','124351');
	INSERT INTO Student_Disability_Map (Student_ID, Disability_ID) VALUES ('522737630','190450');
	INSERT INTO Student_Disability_Map (Student_ID, Disability_ID) VALUES ('522737630','124351');
	INSERT INTO Student_Disability_Map (Student_ID, Disability_ID) VALUES ('342058330','190450');
	INSERT INTO Student_Disability_Map (Student_ID, Disability_ID) VALUES ('342058330','130830');
	INSERT INTO Student_Disability_Map (Student_ID, Disability_ID) VALUES ('364839043','190450');
	INSERT INTO Student_Disability_Map (Student_ID, Disability_ID) VALUES ('364839043','130830');
	INSERT INTO Student_Disability_Map (Student_ID, Disability_ID) VALUES ('539259078','190450');
	INSERT INTO Student_Disability_Map (Student_ID, Disability_ID) VALUES ('539259078','130830');
	INSERT INTO Student_Disability_Map (Student_ID, Disability_ID) VALUES ('221049536','190450');
	INSERT INTO Student_Disability_Map (Student_ID, Disability_ID) VALUES ('221049536','130830');
	INSERT INTO Student_Disability_Map (Student_ID, Disability_ID) VALUES ('203717031','190450');
	INSERT INTO Student_Disability_Map (Student_ID, Disability_ID) VALUES ('203717031','130830');
	INSERT INTO Student_Disability_Map (Student_ID, Disability_ID) VALUES ('519022726','190450');
	INSERT INTO Student_Disability_Map (Student_ID, Disability_ID) VALUES ('519022726','130830');
	INSERT INTO Student_Disability_Map (Student_ID, Disability_ID) VALUES ('338758662','190450');
	INSERT INTO Student_Disability_Map (Student_ID, Disability_ID) VALUES ('338758662','148425');
	INSERT INTO Student_Disability_Map (Student_ID, Disability_ID) VALUES ('289746168','190450');
	INSERT INTO Student_Disability_Map (Student_ID, Disability_ID) VALUES ('289746168','109087');
	INSERT INTO Student_Disability_Map (Student_ID, Disability_ID) VALUES ('437290040','190450');
	INSERT INTO Student_Disability_Map (Student_ID, Disability_ID) VALUES ('437290040','109087');
	INSERT INTO Student_Disability_Map (Student_ID, Disability_ID) VALUES ('152374825','190450');
	INSERT INTO Student_Disability_Map (Student_ID, Disability_ID) VALUES ('152374825','109087');
	INSERT INTO Student_Disability_Map (Student_ID, Disability_ID) VALUES ('225962700','190450');
	INSERT INTO Student_Disability_Map (Student_ID, Disability_ID) VALUES ('225962700','193632');
	INSERT INTO Student_Disability_Map (Student_ID, Disability_ID) VALUES ('222166327','190450');
	INSERT INTO Student_Disability_Map (Student_ID, Disability_ID) VALUES ('265528821','190450');
	INSERT INTO Student_Disability_Map (Student_ID, Disability_ID) VALUES ('205383533','190450');
	INSERT INTO Student_Disability_Map (Student_ID, Disability_ID) VALUES ('547704854','190450');
	INSERT INTO Student_Disability_Map (Student_ID, Disability_ID) VALUES ('482316762','190450');
	INSERT INTO Student_Disability_Map (Student_ID, Disability_ID) VALUES ('387867079','190450');
	INSERT INTO Student_Disability_Map (Student_ID, Disability_ID) VALUES ('324559427','190450');
	INSERT INTO Student_Disability_Map (Student_ID, Disability_ID) VALUES ('242603932','190450');
	INSERT INTO Student_Disability_Map (Student_ID, Disability_ID) VALUES ('215494749','190450');
	INSERT INTO Student_Disability_Map (Student_ID, Disability_ID) VALUES ('397273829','190450');
	INSERT INTO Student_Disability_Map (Student_ID, Disability_ID) VALUES ('355609731','190450');
	INSERT INTO Student_Disability_Map (Student_ID, Disability_ID) VALUES ('146879473','190450');
	INSERT INTO Student_Disability_Map (Student_ID, Disability_ID) VALUES ('304463135','190450');
	INSERT INTO Student_Disability_Map (Student_ID, Disability_ID) VALUES ('516508364','190450');
	INSERT INTO Student_Disability_Map (Student_ID, Disability_ID) VALUES ('242901820','190450');
	INSERT INTO Student_Disability_Map (Student_ID, Disability_ID) VALUES ('283492316','190450');
	INSERT INTO Student_Disability_Map (Student_ID, Disability_ID) VALUES ('253288001','190450');
	INSERT INTO Student_Disability_Map (Student_ID, Disability_ID) VALUES ('522055587','190450');
	INSERT INTO Student_Disability_Map (Student_ID, Disability_ID) VALUES ('352531531','190450');
	INSERT INTO Student_Disability_Map (Student_ID, Disability_ID) VALUES ('379977143','190450');
	INSERT INTO Student_Disability_Map (Student_ID, Disability_ID) VALUES ('468807303','190450');
	INSERT INTO Student_Disability_Map (Student_ID, Disability_ID) VALUES ('554673227','109087');
	INSERT INTO Student_Disability_Map (Student_ID, Disability_ID) VALUES ('282676352','188025');
	INSERT INTO Student_Disability_Map (Student_ID, Disability_ID) VALUES ('282676352','109087');
	INSERT INTO Student_Disability_Map (Student_ID, Disability_ID) VALUES ('211994392','188025');
	INSERT INTO Student_Disability_Map (Student_ID, Disability_ID) VALUES ('211994392','109087');
	INSERT INTO Student_Disability_Map (Student_ID, Disability_ID) VALUES ('195126459','188025');
	INSERT INTO Student_Disability_Map (Student_ID, Disability_ID) VALUES ('195126459','190450');
	INSERT INTO Student_Disability_Map (Student_ID, Disability_ID) VALUES ('202038424','188025');
	INSERT INTO Student_Disability_Map (Student_ID, Disability_ID) VALUES ('202038424','190450');
	INSERT INTO Student_Disability_Map (Student_ID, Disability_ID) VALUES ('307737496','188025');
	INSERT INTO Student_Disability_Map (Student_ID, Disability_ID) VALUES ('249413776','188025');
	INSERT INTO Student_Disability_Map (Student_ID, Disability_ID) VALUES ('372866803','188025');
	INSERT INTO Student_Disability_Map (Student_ID, Disability_ID) VALUES ('225884458','188025');
	INSERT INTO Student_Disability_Map (Student_ID, Disability_ID) VALUES ('210944895','145016');
	INSERT INTO Student_Disability_Map (Student_ID, Disability_ID) VALUES ('210944895','190450');
	INSERT INTO Student_Disability_Map (Student_ID, Disability_ID) VALUES ('256318853','145016');
	INSERT INTO Student_Disability_Map (Student_ID, Disability_ID) VALUES ('256318853','190450');
	INSERT INTO Student_Disability_Map (Student_ID, Disability_ID) VALUES ('319904087','145016');
	INSERT INTO Student_Disability_Map (Student_ID, Disability_ID) VALUES ('319904087','190450');
	INSERT INTO Student_Disability_Map (Student_ID, Disability_ID) VALUES ('515491054','145016');
	INSERT INTO Student_Disability_Map (Student_ID, Disability_ID) VALUES ('515491054','190450');
	INSERT INTO Student_Disability_Map (Student_ID, Disability_ID) VALUES ('471395037','145016');
	INSERT INTO Student_Disability_Map (Student_ID, Disability_ID) VALUES ('471395037','141483');
	INSERT INTO Student_Disability_Map (Student_ID, Disability_ID) VALUES ('365690098','145016');
	INSERT INTO Student_Disability_Map (Student_ID, Disability_ID) VALUES ('365690098','141483');
	INSERT INTO Student_Disability_Map (Student_ID, Disability_ID) VALUES ('275136461','145016');
	INSERT INTO Student_Disability_Map (Student_ID, Disability_ID) VALUES ('275136461','145581');
	INSERT INTO Student_Disability_Map (Student_ID, Disability_ID) VALUES ('192544806','145016');
	INSERT INTO Student_Disability_Map (Student_ID, Disability_ID) VALUES ('497023295','145016');
	INSERT INTO Student_Disability_Map (Student_ID, Disability_ID) VALUES ('202573496','145016');
	INSERT INTO Student_Disability_Map (Student_ID, Disability_ID) VALUES ('133637891','145016');
	INSERT INTO Student_Disability_Map (Student_ID, Disability_ID) VALUES ('269220229','145016');
	INSERT INTO Student_Disability_Map (Student_ID, Disability_ID) VALUES ('201446536','145016');
	INSERT INTO Student_Disability_Map (Student_ID, Disability_ID) VALUES ('121826406','145016');
	INSERT INTO Student_Disability_Map (Student_ID, Disability_ID) VALUES ('130383110','145016');
	INSERT INTO Student_Disability_Map (Student_ID, Disability_ID) VALUES ('449623757','145016');
	INSERT INTO Student_Disability_Map (Student_ID, Disability_ID) VALUES ('521060500','145016');
	INSERT INTO Student_Disability_Map (Student_ID, Disability_ID) VALUES ('391387263','145016');
	INSERT INTO Student_Disability_Map (Student_ID, Disability_ID) VALUES ('300574675','145016');
	INSERT INTO Student_Disability_Map (Student_ID, Disability_ID) VALUES ('542271488','145016');
	INSERT INTO Student_Disability_Map (Student_ID, Disability_ID) VALUES ('537016291','120047');
	INSERT INTO Student_Disability_Map (Student_ID, Disability_ID) VALUES ('167217505','120047');
	INSERT INTO Student_Disability_Map (Student_ID, Disability_ID) VALUES ('524127125','120047');
	INSERT INTO Student_Disability_Map (Student_ID, Disability_ID) VALUES ('195813503','120047');
	INSERT INTO Student_Disability_Map (Student_ID, Disability_ID) VALUES ('515843111','120047');
	INSERT INTO Student_Disability_Map (Student_ID, Disability_ID) VALUES ('149390828','120047');
	INSERT INTO Student_Disability_Map (Student_ID, Disability_ID) VALUES ('438957618','120047');
	INSERT INTO Student_Disability_Map (Student_ID, Disability_ID) VALUES ('237328989','124351');
	INSERT INTO Student_Disability_Map (Student_ID, Disability_ID) VALUES ('237328989','145581');
	INSERT INTO Student_Disability_Map (Student_ID, Disability_ID) VALUES ('412529915','124351');
	INSERT INTO Student_Disability_Map (Student_ID, Disability_ID) VALUES ('402478979','124351');
	INSERT INTO Student_Disability_Map (Student_ID, Disability_ID) VALUES ('326840421','124351');
	INSERT INTO Student_Disability_Map (Student_ID, Disability_ID) VALUES ('137753121','124351');
	INSERT INTO Student_Disability_Map (Student_ID, Disability_ID) VALUES ('524160584','124351');
	INSERT INTO Student_Disability_Map (Student_ID, Disability_ID) VALUES ('334071336','124351');
	INSERT INTO Student_Disability_Map (Student_ID, Disability_ID) VALUES ('214482404','175991');
	INSERT INTO Student_Disability_Map (Student_ID, Disability_ID) VALUES ('214482404','145581');
	INSERT INTO Student_Disability_Map (Student_ID, Disability_ID) VALUES ('214482404','124351');
	INSERT INTO Student_Disability_Map (Student_ID, Disability_ID) VALUES ('507913710','175991');
	INSERT INTO Student_Disability_Map (Student_ID, Disability_ID) VALUES ('507913710','145581');
	INSERT INTO Student_Disability_Map (Student_ID, Disability_ID) VALUES ('351825683','175991');
	INSERT INTO Student_Disability_Map (Student_ID, Disability_ID) VALUES ('351825683','145581');
	INSERT INTO Student_Disability_Map (Student_ID, Disability_ID) VALUES ('230744851','175991');
	INSERT INTO Student_Disability_Map (Student_ID, Disability_ID) VALUES ('230744851','145581');
	INSERT INTO Student_Disability_Map (Student_ID, Disability_ID) VALUES ('380056934','175991');
	INSERT INTO Student_Disability_Map (Student_ID, Disability_ID) VALUES ('380056934','145581');
	INSERT INTO Student_Disability_Map (Student_ID, Disability_ID) VALUES ('552364281','175991');
	INSERT INTO Student_Disability_Map (Student_ID, Disability_ID) VALUES ('245732709','175991');
	INSERT INTO Student_Disability_Map (Student_ID, Disability_ID) VALUES ('384405844','175991');
	INSERT INTO Student_Disability_Map (Student_ID, Disability_ID) VALUES ('345027855','175991');
	INSERT INTO Student_Disability_Map (Student_ID, Disability_ID) VALUES ('510034235','175991');
	INSERT INTO Student_Disability_Map (Student_ID, Disability_ID) VALUES ('262093023','175991');
	INSERT INTO Student_Disability_Map (Student_ID, Disability_ID) VALUES ('170321220','175991');
	INSERT INTO Student_Disability_Map (Student_ID, Disability_ID) VALUES ('318258622','164326');
	INSERT INTO Student_Disability_Map (Student_ID, Disability_ID) VALUES ('390675248','164326');
	INSERT INTO Student_Disability_Map (Student_ID, Disability_ID) VALUES ('117145590','145581');
	INSERT INTO Student_Disability_Map (Student_ID, Disability_ID) VALUES ('117145590','175991');
	INSERT INTO Student_Disability_Map (Student_ID, Disability_ID) VALUES ('428011255','145581');
	INSERT INTO Student_Disability_Map (Student_ID, Disability_ID) VALUES ('244135137','145581');
	INSERT INTO Student_Disability_Map (Student_ID, Disability_ID) VALUES ('296389312','145581');
	INSERT INTO Student_Disability_Map (Student_ID, Disability_ID) VALUES ('383584223','148425');
	INSERT INTO Student_Disability_Map (Student_ID, Disability_ID) VALUES ('383584223','190450');
	INSERT INTO Student_Disability_Map (Student_ID, Disability_ID) VALUES ('403044783','148425');
	INSERT INTO Student_Disability_Map (Student_ID, Disability_ID) VALUES ('403044783','190450');
	INSERT INTO Student_Disability_Map (Student_ID, Disability_ID) VALUES ('344288495','148425');
	INSERT INTO Student_Disability_Map (Student_ID, Disability_ID) VALUES ('344288495','190450');
	INSERT INTO Student_Disability_Map (Student_ID, Disability_ID) VALUES ('542621155','148425');
	INSERT INTO Student_Disability_Map (Student_ID, Disability_ID) VALUES ('542621155','145581');
	INSERT INTO Student_Disability_Map (Student_ID, Disability_ID) VALUES ('437686722','148425');
	INSERT INTO Student_Disability_Map (Student_ID, Disability_ID) VALUES ('431659718','148425');
	INSERT INTO Student_Disability_Map (Student_ID, Disability_ID) VALUES ('533487145','148425');
	INSERT INTO Student_Disability_Map (Student_ID, Disability_ID) VALUES ('362887634','148425');
	INSERT INTO Student_Disability_Map (Student_ID, Disability_ID) VALUES ('442712185','148425');
	INSERT INTO Student_Disability_Map (Student_ID, Disability_ID) VALUES ('146584018','148425');
	INSERT INTO Student_Disability_Map (Student_ID, Disability_ID) VALUES ('301042687','148425');
	INSERT INTO Student_Disability_Map (Student_ID, Disability_ID) VALUES ('373974755','148425');
	INSERT INTO Student_Disability_Map (Student_ID, Disability_ID) VALUES ('478969815','148425');
	INSERT INTO Student_Disability_Map (Student_ID, Disability_ID) VALUES ('340341854','148425');
	INSERT INTO Student_Disability_Map (Student_ID, Disability_ID) VALUES ('546306566','148425');
	INSERT INTO Student_Disability_Map (Student_ID, Disability_ID) VALUES ('226695091','148425');
	INSERT INTO Student_Disability_Map (Student_ID, Disability_ID) VALUES ('370036114','148425');
	INSERT INTO Student_Disability_Map (Student_ID, Disability_ID) VALUES ('486143295','148425');
	INSERT INTO Student_Disability_Map (Student_ID, Disability_ID) VALUES ('340526328','130830');
	INSERT INTO Student_Disability_Map (Student_ID, Disability_ID) VALUES ('449340321','190450');
	INSERT INTO Student_Disability_Map (Student_ID, Disability_ID) VALUES ('449340321','124351');
	INSERT INTO Student_Disability_Map (Student_ID, Disability_ID) VALUES ('449340321','133397');
	INSERT INTO Student_Disability_Map (Student_ID, Disability_ID) VALUES ('541240028','130830');
	INSERT INTO Student_Disability_Map (Student_ID, Disability_ID) VALUES ('541240028','190450');
	INSERT INTO Student_Disability_Map (Student_ID, Disability_ID) VALUES ('252837716','130830');
	INSERT INTO Student_Disability_Map (Student_ID, Disability_ID) VALUES ('252837716','190450');
	INSERT INTO Student_Disability_Map (Student_ID, Disability_ID) VALUES ('190813201','130830');
	INSERT INTO Student_Disability_Map (Student_ID, Disability_ID) VALUES ('190813201','190450');
	INSERT INTO Student_Disability_Map (Student_ID, Disability_ID) VALUES ('351130447','130830');
	INSERT INTO Student_Disability_Map (Student_ID, Disability_ID) VALUES ('351130447','190450');
	INSERT INTO Student_Disability_Map (Student_ID, Disability_ID) VALUES ('136303368','130830');
	INSERT INTO Student_Disability_Map (Student_ID, Disability_ID) VALUES ('136303368','124351');
	INSERT INTO Student_Disability_Map (Student_ID, Disability_ID) VALUES ('203807530','130830');
	INSERT INTO Student_Disability_Map (Student_ID, Disability_ID) VALUES ('203807530','124351');
	INSERT INTO Student_Disability_Map (Student_ID, Disability_ID) VALUES ('316358589','130830');
	INSERT INTO Student_Disability_Map (Student_ID, Disability_ID) VALUES ('316358589','124351');
	INSERT INTO Student_Disability_Map (Student_ID, Disability_ID) VALUES ('324587118','130830');
	INSERT INTO Student_Disability_Map (Student_ID, Disability_ID) VALUES ('324587118','124351');
	INSERT INTO Student_Disability_Map (Student_ID, Disability_ID) VALUES ('466472349','130830');
	INSERT INTO Student_Disability_Map (Student_ID, Disability_ID) VALUES ('466472349','193632');
	INSERT INTO Student_Disability_Map (Student_ID, Disability_ID) VALUES ('251200273','130830');
	INSERT INTO Student_Disability_Map (Student_ID, Disability_ID) VALUES ('167881234','130830');
	INSERT INTO Student_Disability_Map (Student_ID, Disability_ID) VALUES ('457730822','130830');
	INSERT INTO Student_Disability_Map (Student_ID, Disability_ID) VALUES ('473604800','130830');
	INSERT INTO Student_Disability_Map (Student_ID, Disability_ID) VALUES ('224320931','130830');
	INSERT INTO Student_Disability_Map (Student_ID, Disability_ID) VALUES ('150811690','130830');
	INSERT INTO Student_Disability_Map (Student_ID, Disability_ID) VALUES ('450432723','130830');
	INSERT INTO Student_Disability_Map (Student_ID, Disability_ID) VALUES ('532264948','130830');
	INSERT INTO Student_Disability_Map (Student_ID, Disability_ID) VALUES ('526555548','130830');
	INSERT INTO Student_Disability_Map (Student_ID, Disability_ID) VALUES ('117592451','130830');
	INSERT INTO Student_Disability_Map (Student_ID, Disability_ID) VALUES ('135252590','130830');
	INSERT INTO Student_Disability_Map (Student_ID, Disability_ID) VALUES ('440367683','130830');
	INSERT INTO Student_Disability_Map (Student_ID, Disability_ID) VALUES ('521093246','130830');
	

/*insert into students table*/


INSERT INTO Students (Student_ID, First, Last, cp_username) VALUES ('464258240','Araceli','Yepez-Acosta','ayepezac');
	INSERT INTO Students (Student_ID, First, Last, cp_username) VALUES ('321881776','Philip','Applegate','pcappleg');
	INSERT INTO Students (Student_ID, First, Last, cp_username) VALUES ('160826866','Elizabeth','Barnes','enbarnes');
	INSERT INTO Students (Student_ID, First, Last, cp_username) VALUES ('169684347','Julia','Bayless','jbayless');
	INSERT INTO Students (Student_ID, First, Last, cp_username) VALUES ('159459217','Patrick','Beninga','pbeninga');
	INSERT INTO Students (Student_ID, First, Last, cp_username) VALUES ('189805549','Christian','Bernard','chbernar');
	INSERT INTO Students (Student_ID, First, Last, cp_username) VALUES ('107933975','Thais','Bertolus','tbertolu');
	INSERT INTO Students (Student_ID, First, Last, cp_username) VALUES ('496213861','Daniel','Black','dbblack');
	INSERT INTO Students (Student_ID, First, Last, cp_username) VALUES ('547736852','Reed','Bowling','rbowling');
	INSERT INTO Students (Student_ID, First, Last, cp_username) VALUES ('266490400','Madison','Boyd','mboyd06');
	INSERT INTO Students (Student_ID, First, Last, cp_username) VALUES ('507942915','Stephen','Breaux','sbreaux');
	INSERT INTO Students (Student_ID, First, Last, cp_username) VALUES ('132727837','Olivia','Brown','orbrown');
	INSERT INTO Students (Student_ID, First, Last, cp_username) VALUES ('537122489','Christopher','Cabrey','ccabrey');
	INSERT INTO Students (Student_ID, First, Last, cp_username) VALUES ('259440630','Parker','Callison','pdcallis');
	INSERT INTO Students (Student_ID, First, Last, cp_username) VALUES ('204561133','Metolius','Chase','mjchase');
	INSERT INTO Students (Student_ID, First, Last, cp_username) VALUES ('280329888','Julienne','Chiang','jlchiang');
	INSERT INTO Students (Student_ID, First, Last, cp_username) VALUES ('450301937','Michael','Clark','mclark32');
	INSERT INTO Students (Student_ID, First, Last, cp_username) VALUES ('467129309','Timothy','Conley','tdconley');
	INSERT INTO Students (Student_ID, First, Last, cp_username) VALUES ('248754508','Nicole','Coppinger','ncopping');
	INSERT INTO Students (Student_ID, First, Last, cp_username) VALUES ('146526379','Mika','Dickson','mldickso');
	INSERT INTO Students (Student_ID, First, Last, cp_username) VALUES ('371924965','Dugan','Dotson','dddotson');
	INSERT INTO Students (Student_ID, First, Last, cp_username) VALUES ('160629955','Jason','Erbert','jerbert');
	INSERT INTO Students (Student_ID, First, Last, cp_username) VALUES ('132434105','Allison','Erin','aerin');
	INSERT INTO Students (Student_ID, First, Last, cp_username) VALUES ('478137341','Mathieux','Fahey','mafahey');
	INSERT INTO Students (Student_ID, First, Last, cp_username) VALUES ('475033393','Kelsey','Firebaugh','kfirebau');
	INSERT INTO Students (Student_ID, First, Last, cp_username) VALUES ('450134458','Portia','Fischer','pjfische');
	INSERT INTO Students (Student_ID, First, Last, cp_username) VALUES ('210931223','Everett','Fitzpatrick','evfitzpa');
	INSERT INTO Students (Student_ID, First, Last, cp_username) VALUES ('448296994','Juan','Flagg','jcflagg');
	INSERT INTO Students (Student_ID, First, Last, cp_username) VALUES ('173879502','Tatiana','Fletcher','tvfletch');
	INSERT INTO Students (Student_ID, First, Last, cp_username) VALUES ('492388040','Monica','Folgar','mfolgar');
	INSERT INTO Students (Student_ID, First, Last, cp_username) VALUES ('191398679','Ari','Fridman','abfridma');
	INSERT INTO Students (Student_ID, First, Last, cp_username) VALUES ('314560674','Sanam','Ghazvini','sghazvin');
	INSERT INTO Students (Student_ID, First, Last, cp_username) VALUES ('453281355','Natalie','Giombi','ngiombi');
	INSERT INTO Students (Student_ID, First, Last, cp_username) VALUES ('413658984','Erick','Gomez','esgomez');
	INSERT INTO Students (Student_ID, First, Last, cp_username) VALUES ('299269689','Sydney','Goodbody','sgoodbod');
	INSERT INTO Students (Student_ID, First, Last, cp_username) VALUES ('267229407','Danielle','Grady','dsgrady');
	INSERT INTO Students (Student_ID, First, Last, cp_username) VALUES ('172329073','Marcus','Gray','mgray04');
	INSERT INTO Students (Student_ID, First, Last, cp_username) VALUES ('111239963','Haley','Griffiths','mgriff15');
	INSERT INTO Students (Student_ID, First, Last, cp_username) VALUES ('353579791','Dylan','Halland','dhalland');
	INSERT INTO Students (Student_ID, First, Last, cp_username) VALUES ('120000149','Michael','Hanson','mhanso06');
	INSERT INTO Students (Student_ID, First, Last, cp_username) VALUES ('388270259','Brooke','Harbottle','bharbott');
	INSERT INTO Students (Student_ID, First, Last, cp_username) VALUES ('354648265','Katie','Hardisty','khardist');
	INSERT INTO Students (Student_ID, First, Last, cp_username) VALUES ('317645301','Michael','Hegglin','mhegglin');
	INSERT INTO Students (Student_ID, First, Last, cp_username) VALUES ('292282903','Daniel','Heyde','dheyde');
	INSERT INTO Students (Student_ID, First, Last, cp_username) VALUES ('139208826','Anna','Hilbert','aphilber');
	INSERT INTO Students (Student_ID, First, Last, cp_username) VALUES ('268987824','Cayley','Ho','cho29');
	INSERT INTO Students (Student_ID, First, Last, cp_username) VALUES ('233182325','Damien','Horton','dlhorton');
	INSERT INTO Students (Student_ID, First, Last, cp_username) VALUES ('116217221','Mary','Hynes','mehynes');
	INSERT INTO Students (Student_ID, First, Last, cp_username) VALUES ('195182484','Katie','Isaacson','kaisaacs');
	INSERT INTO Students (Student_ID, First, Last, cp_username) VALUES ('291800969','Amelia','Johnson','ajohn153');
	INSERT INTO Students (Student_ID, First, Last, cp_username) VALUES ('115666123','Logan','Johnston','lhjohnst');
	INSERT INTO Students (Student_ID, First, Last, cp_username) VALUES ('360459292','Thomas','Kaar','tkaar');
	INSERT INTO Students (Student_ID, First, Last, cp_username) VALUES ('480684449','Ian','Kaufman','iakaufma');
	INSERT INTO Students (Student_ID, First, Last, cp_username) VALUES ('551172318','Drew','Kindelt','kindelt');
	INSERT INTO Students (Student_ID, First, Last, cp_username) VALUES ('453238172','Nadine','Koen','nkoen');
	INSERT INTO Students (Student_ID, First, Last, cp_username) VALUES ('174974516','Arianna','Kotlier','akotlier');
	INSERT INTO Students (Student_ID, First, Last, cp_username) VALUES ('176653953','Jennifer','Kurtz','jkurtz02');
	INSERT INTO Students (Student_ID, First, Last, cp_username) VALUES ('105739914','Maggie','Lai','mmlai');
	INSERT INTO Students (Student_ID, First, Last, cp_username) VALUES ('499655833','Zachary','Landry','zlandry');
	INSERT INTO Students (Student_ID, First, Last, cp_username) VALUES ('481914465','Nathan','Lee','nlee46');
	INSERT INTO Students (Student_ID, First, Last, cp_username) VALUES ('370821353','McKenzie','Leeds','mleeds');
	INSERT INTO Students (Student_ID, First, Last, cp_username) VALUES ('227731148','Max','Levine','mzlevine');
	INSERT INTO Students (Student_ID, First, Last, cp_username) VALUES ('528092886','Samuel','Light','sklight');
	INSERT INTO Students (Student_ID, First, Last, cp_username) VALUES ('522737630','Chase','Long','clong13');
	INSERT INTO Students (Student_ID, First, Last, cp_username) VALUES ('342058330','Samuel','Lopez','slopez58');
	INSERT INTO Students (Student_ID, First, Last, cp_username) VALUES ('364839043','Lane','Luis','laluis');
	INSERT INTO Students (Student_ID, First, Last, cp_username) VALUES ('539259078','Claire','Lynch','celynch');
	INSERT INTO Students (Student_ID, First, Last, cp_username) VALUES ('221049536','Melia','Maddaloni','mmaddalo');
	INSERT INTO Students (Student_ID, First, Last, cp_username) VALUES ('203717031','Conner','Magnuson','cmagnu01');
	INSERT INTO Students (Student_ID, First, Last, cp_username) VALUES ('519022726','Julia','Marlow','jmarlow');
	INSERT INTO Students (Student_ID, First, Last, cp_username) VALUES ('338758662','Kendal','Mazzocco','kmazzocc');
	INSERT INTO Students (Student_ID, First, Last, cp_username) VALUES ('289746168','Cydney','Melton','cjmelton');
	INSERT INTO Students (Student_ID, First, Last, cp_username) VALUES ('437290040','Dylan','Merlo','djmerlo');
	INSERT INTO Students (Student_ID, First, Last, cp_username) VALUES ('152374825','Andrew','Meyenberg','ameyenbe');
	INSERT INTO Students (Student_ID, First, Last, cp_username) VALUES ('225962700','Liam','Mora','lmora05');
	INSERT INTO Students (Student_ID, First, Last, cp_username) VALUES ('222166327','Jacob','Morgan','jmorga16');
	INSERT INTO Students (Student_ID, First, Last, cp_username) VALUES ('265528821','Sophia','Moser','srmoser');
	INSERT INTO Students (Student_ID, First, Last, cp_username) VALUES ('205383533','Larissa','Muller','lamuller');
	INSERT INTO Students (Student_ID, First, Last, cp_username) VALUES ('547704854','Pedro','Munoz-Rodriguez','pmunozro');
	INSERT INTO Students (Student_ID, First, Last, cp_username) VALUES ('482316762','David','Murray','dmurra04');
	INSERT INTO Students (Student_ID, First, Last, cp_username) VALUES ('387867079','An','Nguyen','anguy177');
	INSERT INTO Students (Student_ID, First, Last, cp_username) VALUES ('324559427','Nicholas','Nordheim','nnordhei');
	INSERT INTO Students (Student_ID, First, Last, cp_username) VALUES ('242603932','Jonathan','Ott','jott03');
	INSERT INTO Students (Student_ID, First, Last, cp_username) VALUES ('215494749','Sarah','Padilla','spadil03');
	INSERT INTO Students (Student_ID, First, Last, cp_username) VALUES ('397273829','Noah','Palumbo','npalumbo');
	INSERT INTO Students (Student_ID, First, Last, cp_username) VALUES ('355609731','Jacob','Payer','jpayer');
	INSERT INTO Students (Student_ID, First, Last, cp_username) VALUES ('146879473','Jillian','Pluschkell','jpluschk');
	INSERT INTO Students (Student_ID, First, Last, cp_username) VALUES ('304463135','Juliet','Pohly','jpohly');
	INSERT INTO Students (Student_ID, First, Last, cp_username) VALUES ('516508364','Grace','Ponomaroff','gponomar');
	INSERT INTO Students (Student_ID, First, Last, cp_username) VALUES ('242901820','Amanda','Radner','aradner');
	INSERT INTO Students (Student_ID, First, Last, cp_username) VALUES ('283492316','Alyssa','Ralph','aralph');
	INSERT INTO Students (Student_ID, First, Last, cp_username) VALUES ('253288001','Erik','Ramazzini','eramazzi');
	INSERT INTO Students (Student_ID, First, Last, cp_username) VALUES ('522055587','Veronica','Reed','vareed');
	INSERT INTO Students (Student_ID, First, Last, cp_username) VALUES ('352531531','Casey','Reeves','ctreeves');
	INSERT INTO Students (Student_ID, First, Last, cp_username) VALUES ('379977143','Jasmine','Renshaw','jmrensha');
	INSERT INTO Students (Student_ID, First, Last, cp_username) VALUES ('468807303','Brandon','Replogle','breplogl');
	INSERT INTO Students (Student_ID, First, Last, cp_username) VALUES ('554673227','Sara','Roudebush','sroudebu');
	INSERT INTO Students (Student_ID, First, Last, cp_username) VALUES ('282676352','Marco','Saines','msaines');
	INSERT INTO Students (Student_ID, First, Last, cp_username) VALUES ('211994392','Miguel','Salguero','masalgue');
	INSERT INTO Students (Student_ID, First, Last, cp_username) VALUES ('195126459','Kellen','Salluce','ksalluce');
	INSERT INTO Students (Student_ID, First, Last, cp_username) VALUES ('202038424','Lars','Schilderink','lschilde');
	INSERT INTO Students (Student_ID, First, Last, cp_username) VALUES ('307737496','Brooke','Shapiro','brshapir');
	INSERT INTO Students (Student_ID, First, Last, cp_username) VALUES ('249413776','Julia','Sharkey','jesharke');
	INSERT INTO Students (Student_ID, First, Last, cp_username) VALUES ('372866803','Samantha','Sorensen','ssoren01');
	INSERT INTO Students (Student_ID, First, Last, cp_username) VALUES ('225884458','Matthew','Spector','mjspecto');
	INSERT INTO Students (Student_ID, First, Last, cp_username) VALUES ('210944895','Chase','Stewart','cstewa13');
	INSERT INTO Students (Student_ID, First, Last, cp_username) VALUES ('256318853','Meaghan','Stinn','mstinn');
	INSERT INTO Students (Student_ID, First, Last, cp_username) VALUES ('319904087','Joshua','Stokka','jstokka');
	INSERT INTO Students (Student_ID, First, Last, cp_username) VALUES ('515491054','Nick','Talley','ntalley');
	INSERT INTO Students (Student_ID, First, Last, cp_username) VALUES ('471395037','Nicholas','Taylor','njtaylor');
	INSERT INTO Students (Student_ID, First, Last, cp_username) VALUES ('365690098','Christina','Thielman','cthielma');
	INSERT INTO Students (Student_ID, First, Last, cp_username) VALUES ('275136461','Cristina','Tognotti','ctognott');
	INSERT INTO Students (Student_ID, First, Last, cp_username) VALUES ('192544806','Kyle','Tom','ktom02');
	INSERT INTO Students (Student_ID, First, Last, cp_username) VALUES ('497023295','Cassidy','Towne','cltowne');
	INSERT INTO Students (Student_ID, First, Last, cp_username) VALUES ('202573496','Hanna','Trejo','htrejo');
	INSERT INTO Students (Student_ID, First, Last, cp_username) VALUES ('133637891','Michelle','Vasquez','mtvasque');
	INSERT INTO Students (Student_ID, First, Last, cp_username) VALUES ('269220229','Devon','Winger','dgwinger');
	INSERT INTO Students (Student_ID, First, Last, cp_username) VALUES ('201446536','Haley','Wintsch','hwintsch');
	INSERT INTO Students (Student_ID, First, Last, cp_username) VALUES ('121826406','Brittany','Withnell','bwithnel');
	INSERT INTO Students (Student_ID, First, Last, cp_username) VALUES ('130383110','Sean','Wolfe','sjwolfe');
	INSERT INTO Students (Student_ID, First, Last, cp_username) VALUES ('449623757','Jonathan','Wood','jwood19');
	INSERT INTO Students (Student_ID, First, Last, cp_username) VALUES ('521060500','Erik','Zardouzian','ezardouz');
	INSERT INTO Students (Student_ID, First, Last, cp_username) VALUES ('391387263','Paul','Cabasag','pcabasag');
	INSERT INTO Students (Student_ID, First, Last, cp_username) VALUES ('300574675','Dominique','France','dmlafran');
	INSERT INTO Students (Student_ID, First, Last, cp_username) VALUES ('542271488','Isaac','Jacobsen','ijacobse');
	INSERT INTO Students (Student_ID, First, Last, cp_username) VALUES ('537016291','Christian','Jones','cjones83');
	INSERT INTO Students (Student_ID, First, Last, cp_username) VALUES ('167217505','Camille','Manese','ccmanese');
	INSERT INTO Students (Student_ID, First, Last, cp_username) VALUES ('524127125','Alisha','Smith','asmit198');
	INSERT INTO Students (Student_ID, First, Last, cp_username) VALUES ('195813503','Julian','Tan','jtan26');
	INSERT INTO Students (Student_ID, First, Last, cp_username) VALUES ('515843111','Allie','Decker','agdecker');
	INSERT INTO Students (Student_ID, First, Last, cp_username) VALUES ('149390828','Caleb','Holguin','mcholgui');
	INSERT INTO Students (Student_ID, First, Last, cp_username) VALUES ('438957618','Cassidy','Elwell','celwell');
	INSERT INTO Students (Student_ID, First, Last, cp_username) VALUES ('237328989','Darion','Guan','dguan01');
	INSERT INTO Students (Student_ID, First, Last, cp_username) VALUES ('412529915','Esther','Park','epark22');
	INSERT INTO Students (Student_ID, First, Last, cp_username) VALUES ('402478979','Jacob','Randall','jarandal');
	INSERT INTO Students (Student_ID, First, Last, cp_username) VALUES ('326840421','Jamie','Ormiston','jormisto');
	INSERT INTO Students (Student_ID, First, Last, cp_username) VALUES ('137753121','Jeremiah','Greenberg','jybarrag');
	INSERT INTO Students (Student_ID, First, Last, cp_username) VALUES ('524160584','Josh','Ma','kyma');
	INSERT INTO Students (Student_ID, First, Last, cp_username) VALUES ('334071336','Kaycie','Bajka','kbajka');
	INSERT INTO Students (Student_ID, First, Last, cp_username) VALUES ('214482404','Marie','Blukher','mblukher');
	INSERT INTO Students (Student_ID, First, Last, cp_username) VALUES ('507913710','Marlen','Estrada','mestra13');
	INSERT INTO Students (Student_ID, First, Last, cp_username) VALUES ('351825683','Mateo','Ibarguen','mibargue');
	INSERT INTO Students (Student_ID, First, Last, cp_username) VALUES ('230744851','Matthew','Bailey','mbaile12');
	INSERT INTO Students (Student_ID, First, Last, cp_username) VALUES ('380056934','Morgan','Gee','mmgee');
	INSERT INTO Students (Student_ID, First, Last, cp_username) VALUES ('552364281','Nadthachai','Kongkhajornkidsuk','nkongkha');
	INSERT INTO Students (Student_ID, First, Last, cp_username) VALUES ('245732709','Salvador','Aguilar','saaguila');
	INSERT INTO Students (Student_ID, First, Last, cp_username) VALUES ('384405844','Santiago','Cisneros','scisne01');
	INSERT INTO Students (Student_ID, First, Last, cp_username) VALUES ('345027855','Sara','Durham','sadurham');
	INSERT INTO Students (Student_ID, First, Last, cp_username) VALUES ('510034235','Sreyas','Kolachalam','skolacha');
	INSERT INTO Students (Student_ID, First, Last, cp_username) VALUES ('262093023','Yanni','Noriega','yanorieg');
	INSERT INTO Students (Student_ID, First, Last, cp_username) VALUES ('170321220','Cade','Aguilar','caguil21');
	INSERT INTO Students (Student_ID, First, Last, cp_username) VALUES ('318258622','Rachel','Alman','ralman');
	INSERT INTO Students (Student_ID, First, Last, cp_username) VALUES ('390675248','Michael','Avila','mavila13');
	INSERT INTO Students (Student_ID, First, Last, cp_username) VALUES ('117145590','Blake','Axtell','bpaxtell');
	INSERT INTO Students (Student_ID, First, Last, cp_username) VALUES ('428011255','Karen','Bach','kbach01');
	INSERT INTO Students (Student_ID, First, Last, cp_username) VALUES ('244135137','Sarah','Bach','skbach');
	INSERT INTO Students (Student_ID, First, Last, cp_username) VALUES ('296389312','Jonathan','Banuelos','jbanue07');
	INSERT INTO Students (Student_ID, First, Last, cp_username) VALUES ('383584223','Haley','Baquian','hbaquian');
	INSERT INTO Students (Student_ID, First, Last, cp_username) VALUES ('403044783','Elizabeth','Barnes','enbarnes');
	INSERT INTO Students (Student_ID, First, Last, cp_username) VALUES ('344288495','Colin','Bartlett','ctbartle');
	INSERT INTO Students (Student_ID, First, Last, cp_username) VALUES ('542621155','Samantha','Bass','slbass');
	INSERT INTO Students (Student_ID, First, Last, cp_username) VALUES ('437686722','Gabriel','Bauer','glbauer');
	INSERT INTO Students (Student_ID, First, Last, cp_username) VALUES ('431659718','Julia','Bayless','jbayless');
	INSERT INTO Students (Student_ID, First, Last, cp_username) VALUES ('533487145','Ben','Beckman','bhbeckma');
	INSERT INTO Students (Student_ID, First, Last, cp_username) VALUES ('362887634','Mondona','Behroozian','mbehrooz');
	INSERT INTO Students (Student_ID, First, Last, cp_username) VALUES ('442712185','Patrick','Beninga','pbeninga');
	INSERT INTO Students (Student_ID, First, Last, cp_username) VALUES ('146584018','Emily','Berman','ewberman');
	INSERT INTO Students (Student_ID, First, Last, cp_username) VALUES ('301042687','Christian','Bernard','chbernar');
	INSERT INTO Students (Student_ID, First, Last, cp_username) VALUES ('373974755','Grant','Bernosky','gbernosk');
	INSERT INTO Students (Student_ID, First, Last, cp_username) VALUES ('478969815','Isabelle','Bertolas','ibertola');
	INSERT INTO Students (Student_ID, First, Last, cp_username) VALUES ('340341854','Thais','Bertolus','tbertolu');
	INSERT INTO Students (Student_ID, First, Last, cp_username) VALUES ('546306566','Stephanie','Best','sfbest');
	INSERT INTO Students (Student_ID, First, Last, cp_username) VALUES ('226695091','Sara','Bettencourt','sgbetten');
	INSERT INTO Students (Student_ID, First, Last, cp_username) VALUES ('370036114','Greg','Bisbjerg','pbisbjer');
	INSERT INTO Students (Student_ID, First, Last, cp_username) VALUES ('486143295','Daniel','Black','dbblack');
	INSERT INTO Students (Student_ID, First, Last, cp_username) VALUES ('340526328','Kaia','Bondera','kbondera');
	INSERT INTO Students (Student_ID, First, Last, cp_username) VALUES ('449340321','Reed','Bowling','rbowling');
	INSERT INTO Students (Student_ID, First, Last, cp_username) VALUES ('541240028','Madison','Boyd','mboyd06');
	INSERT INTO Students (Student_ID, First, Last, cp_username) VALUES ('252837716','Julia','Boyden','jsboyden');
	INSERT INTO Students (Student_ID, First, Last, cp_username) VALUES ('190813201','Stephen','Breaux','sbreaux');
	INSERT INTO Students (Student_ID, First, Last, cp_username) VALUES ('351130447','Wilson','Brede','wbrede');
	INSERT INTO Students (Student_ID, First, Last, cp_username) VALUES ('136303368','Garrett','Brisbane','gbrisban');
	INSERT INTO Students (Student_ID, First, Last, cp_username) VALUES ('203807530','Olivia','Brown','orbrown');
	INSERT INTO Students (Student_ID, First, Last, cp_username) VALUES ('316358589','Carrie','Buckley','cbuckl01');
	INSERT INTO Students (Student_ID, First, Last, cp_username) VALUES ('324587118','Zachary','Burch','zburch');
	INSERT INTO Students (Student_ID, First, Last, cp_username) VALUES ('466472349','Ronald','Burgess','rgburges');
	INSERT INTO Students (Student_ID, First, Last, cp_username) VALUES ('251200273','Zachary','Butler','zjbutler');
	INSERT INTO Students (Student_ID, First, Last, cp_username) VALUES ('167881234','Christopher','Cabrey','ccabrey');
	INSERT INTO Students (Student_ID, First, Last, cp_username) VALUES ('457730822','Summer','Call','sbcall');
	INSERT INTO Students (Student_ID, First, Last, cp_username) VALUES ('473604800','Brendan','Carretero','bcarrete');
	INSERT INTO Students (Student_ID, First, Last, cp_username) VALUES ('224320931','Sabrina','Chavez','schave18');
	INSERT INTO Students (Student_ID, First, Last, cp_username) VALUES ('150811690','Tyler','Cook','tbcook');
	INSERT INTO Students (Student_ID, First, Last, cp_username) VALUES ('450432723','Andrew','Crosby','ajcrosby');
	INSERT INTO Students (Student_ID, First, Last, cp_username) VALUES ('532264948','Caleb','Cross','ccross01');
	INSERT INTO Students (Student_ID, First, Last, cp_username) VALUES ('526555548','Andy','Cumpian','acumpian');
	INSERT INTO Students (Student_ID, First, Last, cp_username) VALUES ('117592451','Ashley','Davis','adavis75');
	INSERT INTO Students (Student_ID, First, Last, cp_username) VALUES ('135252590','Gabrielle','Demick','gdemick');
	INSERT INTO Students (Student_ID, First, Last, cp_username) VALUES ('440367683','Helene','Dondero','hdondero');
	INSERT INTO Students (Student_ID, First, Last, cp_username) VALUES ('521093246','Jason','Erbert','jerbert');
	

/*insert into student_class_map*/


INSERT INTO Student_Class_Map (Student_ID, Class_ID) VALUES ('105739914','307');
	INSERT INTO Student_Class_Map (Student_ID, Class_ID) VALUES ('105739914','74');
	INSERT INTO Student_Class_Map (Student_ID, Class_ID) VALUES ('105739914','314');
	INSERT INTO Student_Class_Map (Student_ID, Class_ID) VALUES ('107933975','243');
	INSERT INTO Student_Class_Map (Student_ID, Class_ID) VALUES ('107933975','296');
	INSERT INTO Student_Class_Map (Student_ID, Class_ID) VALUES ('107933975','147');
	INSERT INTO Student_Class_Map (Student_ID, Class_ID) VALUES ('111239963','31');
	INSERT INTO Student_Class_Map (Student_ID, Class_ID) VALUES ('111239963','200');
	INSERT INTO Student_Class_Map (Student_ID, Class_ID) VALUES ('111239963','275');
	INSERT INTO Student_Class_Map (Student_ID, Class_ID) VALUES ('115666123','294');
	INSERT INTO Student_Class_Map (Student_ID, Class_ID) VALUES ('115666123','38');
	INSERT INTO Student_Class_Map (Student_ID, Class_ID) VALUES ('115666123','320');
	INSERT INTO Student_Class_Map (Student_ID, Class_ID) VALUES ('116217221','229');
	INSERT INTO Student_Class_Map (Student_ID, Class_ID) VALUES ('116217221','103');
	INSERT INTO Student_Class_Map (Student_ID, Class_ID) VALUES ('116217221','246');
	INSERT INTO Student_Class_Map (Student_ID, Class_ID) VALUES ('117145590','150');
	INSERT INTO Student_Class_Map (Student_ID, Class_ID) VALUES ('117145590','250');
	INSERT INTO Student_Class_Map (Student_ID, Class_ID) VALUES ('117145590','241');
	INSERT INTO Student_Class_Map (Student_ID, Class_ID) VALUES ('117592451','82');
	INSERT INTO Student_Class_Map (Student_ID, Class_ID) VALUES ('117592451','340');
	INSERT INTO Student_Class_Map (Student_ID, Class_ID) VALUES ('117592451','214');
	INSERT INTO Student_Class_Map (Student_ID, Class_ID) VALUES ('117592451','289');
	INSERT INTO Student_Class_Map (Student_ID, Class_ID) VALUES ('120000149','255');
	INSERT INTO Student_Class_Map (Student_ID, Class_ID) VALUES ('120000149','305');
	INSERT INTO Student_Class_Map (Student_ID, Class_ID) VALUES ('120000149','158');
	INSERT INTO Student_Class_Map (Student_ID, Class_ID) VALUES ('121826406','280');
	INSERT INTO Student_Class_Map (Student_ID, Class_ID) VALUES ('121826406','154');
	INSERT INTO Student_Class_Map (Student_ID, Class_ID) VALUES ('121826406','26');
	INSERT INTO Student_Class_Map (Student_ID, Class_ID) VALUES ('130383110','331');
	INSERT INTO Student_Class_Map (Student_ID, Class_ID) VALUES ('130383110','301');
	INSERT INTO Student_Class_Map (Student_ID, Class_ID) VALUES ('130383110','262');
	INSERT INTO Student_Class_Map (Student_ID, Class_ID) VALUES ('132434105','63');
	INSERT INTO Student_Class_Map (Student_ID, Class_ID) VALUES ('132434105','81');
	INSERT INTO Student_Class_Map (Student_ID, Class_ID) VALUES ('132434105','197');
	INSERT INTO Student_Class_Map (Student_ID, Class_ID) VALUES ('132727837','4');
	INSERT INTO Student_Class_Map (Student_ID, Class_ID) VALUES ('132727837','160');
	INSERT INTO Student_Class_Map (Student_ID, Class_ID) VALUES ('132727837','172');
	INSERT INTO Student_Class_Map (Student_ID, Class_ID) VALUES ('133637891','258');
	INSERT INTO Student_Class_Map (Student_ID, Class_ID) VALUES ('133637891','295');
	INSERT INTO Student_Class_Map (Student_ID, Class_ID) VALUES ('133637891','343');
	INSERT INTO Student_Class_Map (Student_ID, Class_ID) VALUES ('135252590','250');
	INSERT INTO Student_Class_Map (Student_ID, Class_ID) VALUES ('135252590','271');
	INSERT INTO Student_Class_Map (Student_ID, Class_ID) VALUES ('135252590','83');
	INSERT INTO Student_Class_Map (Student_ID, Class_ID) VALUES ('135252590','73');
	INSERT INTO Student_Class_Map (Student_ID, Class_ID) VALUES ('136303368','13');
	INSERT INTO Student_Class_Map (Student_ID, Class_ID) VALUES ('136303368','267');
	INSERT INTO Student_Class_Map (Student_ID, Class_ID) VALUES ('136303368','192');
	INSERT INTO Student_Class_Map (Student_ID, Class_ID) VALUES ('136303368','240');
	INSERT INTO Student_Class_Map (Student_ID, Class_ID) VALUES ('137753121','135');
	INSERT INTO Student_Class_Map (Student_ID, Class_ID) VALUES ('137753121','201');
	INSERT INTO Student_Class_Map (Student_ID, Class_ID) VALUES ('137753121','264');
	INSERT INTO Student_Class_Map (Student_ID, Class_ID) VALUES ('139208826','185');
	INSERT INTO Student_Class_Map (Student_ID, Class_ID) VALUES ('139208826','326');
	INSERT INTO Student_Class_Map (Student_ID, Class_ID) VALUES ('139208826','240');
	INSERT INTO Student_Class_Map (Student_ID, Class_ID) VALUES ('146526379','343');
	INSERT INTO Student_Class_Map (Student_ID, Class_ID) VALUES ('146526379','282');
	INSERT INTO Student_Class_Map (Student_ID, Class_ID) VALUES ('146526379','127');
	INSERT INTO Student_Class_Map (Student_ID, Class_ID) VALUES ('146584018','206');
	INSERT INTO Student_Class_Map (Student_ID, Class_ID) VALUES ('146584018','127');
	INSERT INTO Student_Class_Map (Student_ID, Class_ID) VALUES ('146584018','312');
	INSERT INTO Student_Class_Map (Student_ID, Class_ID) VALUES ('146879473','69');
	INSERT INTO Student_Class_Map (Student_ID, Class_ID) VALUES ('146879473','277');
	INSERT INTO Student_Class_Map (Student_ID, Class_ID) VALUES ('146879473','190');
	INSERT INTO Student_Class_Map (Student_ID, Class_ID) VALUES ('149390828','302');
	INSERT INTO Student_Class_Map (Student_ID, Class_ID) VALUES ('149390828','105');
	INSERT INTO Student_Class_Map (Student_ID, Class_ID) VALUES ('149390828','89');
	INSERT INTO Student_Class_Map (Student_ID, Class_ID) VALUES ('150811690','294');
	INSERT INTO Student_Class_Map (Student_ID, Class_ID) VALUES ('150811690','71');
	INSERT INTO Student_Class_Map (Student_ID, Class_ID) VALUES ('150811690','147');
	INSERT INTO Student_Class_Map (Student_ID, Class_ID) VALUES ('150811690','220');
	INSERT INTO Student_Class_Map (Student_ID, Class_ID) VALUES ('152374825','198');
	INSERT INTO Student_Class_Map (Student_ID, Class_ID) VALUES ('152374825','13');
	INSERT INTO Student_Class_Map (Student_ID, Class_ID) VALUES ('152374825','264');
	INSERT INTO Student_Class_Map (Student_ID, Class_ID) VALUES ('159459217','73');
	INSERT INTO Student_Class_Map (Student_ID, Class_ID) VALUES ('159459217','198');
	INSERT INTO Student_Class_Map (Student_ID, Class_ID) VALUES ('159459217','210');
	INSERT INTO Student_Class_Map (Student_ID, Class_ID) VALUES ('160629955','216');
	INSERT INTO Student_Class_Map (Student_ID, Class_ID) VALUES ('160629955','155');
	INSERT INTO Student_Class_Map (Student_ID, Class_ID) VALUES ('160629955','4');
	INSERT INTO Student_Class_Map (Student_ID, Class_ID) VALUES ('160826866','125');
	INSERT INTO Student_Class_Map (Student_ID, Class_ID) VALUES ('160826866','22');
	INSERT INTO Student_Class_Map (Student_ID, Class_ID) VALUES ('160826866','45');
	INSERT INTO Student_Class_Map (Student_ID, Class_ID) VALUES ('167217505','221');
	INSERT INTO Student_Class_Map (Student_ID, Class_ID) VALUES ('167217505','315');
	INSERT INTO Student_Class_Map (Student_ID, Class_ID) VALUES ('167217505','230');
	INSERT INTO Student_Class_Map (Student_ID, Class_ID) VALUES ('167881234','270');
	INSERT INTO Student_Class_Map (Student_ID, Class_ID) VALUES ('167881234','326');
	INSERT INTO Student_Class_Map (Student_ID, Class_ID) VALUES ('167881234','204');
	INSERT INTO Student_Class_Map (Student_ID, Class_ID) VALUES ('167881234','233');
	INSERT INTO Student_Class_Map (Student_ID, Class_ID) VALUES ('169684347','178');
	INSERT INTO Student_Class_Map (Student_ID, Class_ID) VALUES ('169684347','322');
	INSERT INTO Student_Class_Map (Student_ID, Class_ID) VALUES ('169684347','199');
	INSERT INTO Student_Class_Map (Student_ID, Class_ID) VALUES ('170321220','244');
	INSERT INTO Student_Class_Map (Student_ID, Class_ID) VALUES ('170321220','306');
	INSERT INTO Student_Class_Map (Student_ID, Class_ID) VALUES ('170321220','156');
	INSERT INTO Student_Class_Map (Student_ID, Class_ID) VALUES ('172329073','235');
	INSERT INTO Student_Class_Map (Student_ID, Class_ID) VALUES ('172329073','211');
	INSERT INTO Student_Class_Map (Student_ID, Class_ID) VALUES ('172329073','68');
	INSERT INTO Student_Class_Map (Student_ID, Class_ID) VALUES ('173879502','134');
	INSERT INTO Student_Class_Map (Student_ID, Class_ID) VALUES ('173879502','226');
	INSERT INTO Student_Class_Map (Student_ID, Class_ID) VALUES ('173879502','52');
	INSERT INTO Student_Class_Map (Student_ID, Class_ID) VALUES ('174974516','292');
	INSERT INTO Student_Class_Map (Student_ID, Class_ID) VALUES ('174974516','88');
	INSERT INTO Student_Class_Map (Student_ID, Class_ID) VALUES ('174974516','206');
	INSERT INTO Student_Class_Map (Student_ID, Class_ID) VALUES ('176653953','122');
	INSERT INTO Student_Class_Map (Student_ID, Class_ID) VALUES ('176653953','213');
	INSERT INTO Student_Class_Map (Student_ID, Class_ID) VALUES ('176653953','88');
	INSERT INTO Student_Class_Map (Student_ID, Class_ID) VALUES ('189805549','120');
	INSERT INTO Student_Class_Map (Student_ID, Class_ID) VALUES ('189805549','278');
	INSERT INTO Student_Class_Map (Student_ID, Class_ID) VALUES ('189805549','202');
	INSERT INTO Student_Class_Map (Student_ID, Class_ID) VALUES ('190813201','21');
	INSERT INTO Student_Class_Map (Student_ID, Class_ID) VALUES ('190813201','19');
	INSERT INTO Student_Class_Map (Student_ID, Class_ID) VALUES ('190813201','86');
	INSERT INTO Student_Class_Map (Student_ID, Class_ID) VALUES ('190813201','59');
	INSERT INTO Student_Class_Map (Student_ID, Class_ID) VALUES ('191398679','90');
	INSERT INTO Student_Class_Map (Student_ID, Class_ID) VALUES ('191398679','327');
	INSERT INTO Student_Class_Map (Student_ID, Class_ID) VALUES ('191398679','108');
	INSERT INTO Student_Class_Map (Student_ID, Class_ID) VALUES ('192544806','60');
	INSERT INTO Student_Class_Map (Student_ID, Class_ID) VALUES ('192544806','204');
	INSERT INTO Student_Class_Map (Student_ID, Class_ID) VALUES ('192544806','70');
	INSERT INTO Student_Class_Map (Student_ID, Class_ID) VALUES ('195126459','178');
	INSERT INTO Student_Class_Map (Student_ID, Class_ID) VALUES ('195126459','45');
	INSERT INTO Student_Class_Map (Student_ID, Class_ID) VALUES ('195126459','296');
	INSERT INTO Student_Class_Map (Student_ID, Class_ID) VALUES ('195182484','100');
	INSERT INTO Student_Class_Map (Student_ID, Class_ID) VALUES ('195182484','13');
	INSERT INTO Student_Class_Map (Student_ID, Class_ID) VALUES ('195182484','24');
	INSERT INTO Student_Class_Map (Student_ID, Class_ID) VALUES ('195813503','234');
	INSERT INTO Student_Class_Map (Student_ID, Class_ID) VALUES ('195813503','152');
	INSERT INTO Student_Class_Map (Student_ID, Class_ID) VALUES ('195813503','65');
	INSERT INTO Student_Class_Map (Student_ID, Class_ID) VALUES ('201446536','327');
	INSERT INTO Student_Class_Map (Student_ID, Class_ID) VALUES ('201446536','10');
	INSERT INTO Student_Class_Map (Student_ID, Class_ID) VALUES ('201446536','31');
	INSERT INTO Student_Class_Map (Student_ID, Class_ID) VALUES ('202038424','340');
	INSERT INTO Student_Class_Map (Student_ID, Class_ID) VALUES ('202038424','82');
	INSERT INTO Student_Class_Map (Student_ID, Class_ID) VALUES ('202038424','318');
	INSERT INTO Student_Class_Map (Student_ID, Class_ID) VALUES ('202573496','309');
	INSERT INTO Student_Class_Map (Student_ID, Class_ID) VALUES ('202573496','229');
	INSERT INTO Student_Class_Map (Student_ID, Class_ID) VALUES ('202573496','334');
	INSERT INTO Student_Class_Map (Student_ID, Class_ID) VALUES ('203717031','102');
	INSERT INTO Student_Class_Map (Student_ID, Class_ID) VALUES ('203717031','245');
	INSERT INTO Student_Class_Map (Student_ID, Class_ID) VALUES ('203717031','164');
	INSERT INTO Student_Class_Map (Student_ID, Class_ID) VALUES ('203807530','97');
	INSERT INTO Student_Class_Map (Student_ID, Class_ID) VALUES ('203807530','279');
	INSERT INTO Student_Class_Map (Student_ID, Class_ID) VALUES ('203807530','76');
	INSERT INTO Student_Class_Map (Student_ID, Class_ID) VALUES ('203807530','255');
	INSERT INTO Student_Class_Map (Student_ID, Class_ID) VALUES ('204561133','292');
	INSERT INTO Student_Class_Map (Student_ID, Class_ID) VALUES ('204561133','316');
	INSERT INTO Student_Class_Map (Student_ID, Class_ID) VALUES ('204561133','88');
	INSERT INTO Student_Class_Map (Student_ID, Class_ID) VALUES ('205383533','186');
	INSERT INTO Student_Class_Map (Student_ID, Class_ID) VALUES ('205383533','2');
	INSERT INTO Student_Class_Map (Student_ID, Class_ID) VALUES ('205383533','99');
	INSERT INTO Student_Class_Map (Student_ID, Class_ID) VALUES ('210931223','255');
	INSERT INTO Student_Class_Map (Student_ID, Class_ID) VALUES ('210931223','79');
	INSERT INTO Student_Class_Map (Student_ID, Class_ID) VALUES ('210931223','57');
	INSERT INTO Student_Class_Map (Student_ID, Class_ID) VALUES ('210944895','155');
	INSERT INTO Student_Class_Map (Student_ID, Class_ID) VALUES ('210944895','17');
	INSERT INTO Student_Class_Map (Student_ID, Class_ID) VALUES ('210944895','128');
	INSERT INTO Student_Class_Map (Student_ID, Class_ID) VALUES ('211994392','31');
	INSERT INTO Student_Class_Map (Student_ID, Class_ID) VALUES ('211994392','56');
	INSERT INTO Student_Class_Map (Student_ID, Class_ID) VALUES ('211994392','39');
	INSERT INTO Student_Class_Map (Student_ID, Class_ID) VALUES ('214482404','201');
	INSERT INTO Student_Class_Map (Student_ID, Class_ID) VALUES ('214482404','36');
	INSERT INTO Student_Class_Map (Student_ID, Class_ID) VALUES ('214482404','33');
	INSERT INTO Student_Class_Map (Student_ID, Class_ID) VALUES ('215494749','306');
	INSERT INTO Student_Class_Map (Student_ID, Class_ID) VALUES ('215494749','91');
	INSERT INTO Student_Class_Map (Student_ID, Class_ID) VALUES ('215494749','248');
	INSERT INTO Student_Class_Map (Student_ID, Class_ID) VALUES ('221049536','288');
	INSERT INTO Student_Class_Map (Student_ID, Class_ID) VALUES ('221049536','19');
	INSERT INTO Student_Class_Map (Student_ID, Class_ID) VALUES ('221049536','34');
	INSERT INTO Student_Class_Map (Student_ID, Class_ID) VALUES ('222166327','53');
	INSERT INTO Student_Class_Map (Student_ID, Class_ID) VALUES ('222166327','196');
	INSERT INTO Student_Class_Map (Student_ID, Class_ID) VALUES ('222166327','213');
	INSERT INTO Student_Class_Map (Student_ID, Class_ID) VALUES ('224320931','283');
	INSERT INTO Student_Class_Map (Student_ID, Class_ID) VALUES ('224320931','150');
	INSERT INTO Student_Class_Map (Student_ID, Class_ID) VALUES ('224320931','86');
	INSERT INTO Student_Class_Map (Student_ID, Class_ID) VALUES ('224320931','263');
	INSERT INTO Student_Class_Map (Student_ID, Class_ID) VALUES ('225884458','220');
	INSERT INTO Student_Class_Map (Student_ID, Class_ID) VALUES ('225884458','43');
	INSERT INTO Student_Class_Map (Student_ID, Class_ID) VALUES ('225884458','127');
	INSERT INTO Student_Class_Map (Student_ID, Class_ID) VALUES ('225962700','318');
	INSERT INTO Student_Class_Map (Student_ID, Class_ID) VALUES ('225962700','158');
	INSERT INTO Student_Class_Map (Student_ID, Class_ID) VALUES ('225962700','176');
	INSERT INTO Student_Class_Map (Student_ID, Class_ID) VALUES ('226695091','26');
	INSERT INTO Student_Class_Map (Student_ID, Class_ID) VALUES ('226695091','21');
	INSERT INTO Student_Class_Map (Student_ID, Class_ID) VALUES ('226695091','331');
	INSERT INTO Student_Class_Map (Student_ID, Class_ID) VALUES ('227731148','34');
	INSERT INTO Student_Class_Map (Student_ID, Class_ID) VALUES ('227731148','244');
	INSERT INTO Student_Class_Map (Student_ID, Class_ID) VALUES ('227731148','140');
	INSERT INTO Student_Class_Map (Student_ID, Class_ID) VALUES ('230744851','141');
	INSERT INTO Student_Class_Map (Student_ID, Class_ID) VALUES ('230744851','201');
	INSERT INTO Student_Class_Map (Student_ID, Class_ID) VALUES ('230744851','164');
	INSERT INTO Student_Class_Map (Student_ID, Class_ID) VALUES ('233182325','179');
	INSERT INTO Student_Class_Map (Student_ID, Class_ID) VALUES ('233182325','144');
	INSERT INTO Student_Class_Map (Student_ID, Class_ID) VALUES ('233182325','332');
	INSERT INTO Student_Class_Map (Student_ID, Class_ID) VALUES ('237328989','168');
	INSERT INTO Student_Class_Map (Student_ID, Class_ID) VALUES ('237328989','108');
	INSERT INTO Student_Class_Map (Student_ID, Class_ID) VALUES ('237328989','266');
	INSERT INTO Student_Class_Map (Student_ID, Class_ID) VALUES ('242603932','147');
	INSERT INTO Student_Class_Map (Student_ID, Class_ID) VALUES ('242603932','336');
	INSERT INTO Student_Class_Map (Student_ID, Class_ID) VALUES ('242603932','318');
	INSERT INTO Student_Class_Map (Student_ID, Class_ID) VALUES ('242901820','7');
	INSERT INTO Student_Class_Map (Student_ID, Class_ID) VALUES ('242901820','240');
	INSERT INTO Student_Class_Map (Student_ID, Class_ID) VALUES ('242901820','20');
	INSERT INTO Student_Class_Map (Student_ID, Class_ID) VALUES ('244135137','166');
	INSERT INTO Student_Class_Map (Student_ID, Class_ID) VALUES ('244135137','116');
	INSERT INTO Student_Class_Map (Student_ID, Class_ID) VALUES ('244135137','6');
	INSERT INTO Student_Class_Map (Student_ID, Class_ID) VALUES ('245732709','107');
	INSERT INTO Student_Class_Map (Student_ID, Class_ID) VALUES ('245732709','317');
	INSERT INTO Student_Class_Map (Student_ID, Class_ID) VALUES ('245732709','236');
	INSERT INTO Student_Class_Map (Student_ID, Class_ID) VALUES ('248754508','204');
	INSERT INTO Student_Class_Map (Student_ID, Class_ID) VALUES ('248754508','225');
	INSERT INTO Student_Class_Map (Student_ID, Class_ID) VALUES ('248754508','138');
	INSERT INTO Student_Class_Map (Student_ID, Class_ID) VALUES ('249413776','75');
	INSERT INTO Student_Class_Map (Student_ID, Class_ID) VALUES ('249413776','113');
	INSERT INTO Student_Class_Map (Student_ID, Class_ID) VALUES ('249413776','100');
	INSERT INTO Student_Class_Map (Student_ID, Class_ID) VALUES ('251200273','263');
	INSERT INTO Student_Class_Map (Student_ID, Class_ID) VALUES ('251200273','185');
	INSERT INTO Student_Class_Map (Student_ID, Class_ID) VALUES ('251200273','345');
	INSERT INTO Student_Class_Map (Student_ID, Class_ID) VALUES ('251200273','250');
	INSERT INTO Student_Class_Map (Student_ID, Class_ID) VALUES ('252837716','146');
	INSERT INTO Student_Class_Map (Student_ID, Class_ID) VALUES ('252837716','173');
	INSERT INTO Student_Class_Map (Student_ID, Class_ID) VALUES ('252837716','161');
	INSERT INTO Student_Class_Map (Student_ID, Class_ID) VALUES ('252837716','333');
	INSERT INTO Student_Class_Map (Student_ID, Class_ID) VALUES ('253288001','122');
	INSERT INTO Student_Class_Map (Student_ID, Class_ID) VALUES ('253288001','315');
	INSERT INTO Student_Class_Map (Student_ID, Class_ID) VALUES ('253288001','137');
	INSERT INTO Student_Class_Map (Student_ID, Class_ID) VALUES ('256318853','221');
	INSERT INTO Student_Class_Map (Student_ID, Class_ID) VALUES ('256318853','192');
	INSERT INTO Student_Class_Map (Student_ID, Class_ID) VALUES ('256318853','161');
	INSERT INTO Student_Class_Map (Student_ID, Class_ID) VALUES ('259440630','51');
	INSERT INTO Student_Class_Map (Student_ID, Class_ID) VALUES ('259440630','253');
	INSERT INTO Student_Class_Map (Student_ID, Class_ID) VALUES ('259440630','43');
	INSERT INTO Student_Class_Map (Student_ID, Class_ID) VALUES ('262093023','254');
	INSERT INTO Student_Class_Map (Student_ID, Class_ID) VALUES ('262093023','253');
	INSERT INTO Student_Class_Map (Student_ID, Class_ID) VALUES ('262093023','127');
	INSERT INTO Student_Class_Map (Student_ID, Class_ID) VALUES ('265528821','114');
	INSERT INTO Student_Class_Map (Student_ID, Class_ID) VALUES ('265528821','28');
	INSERT INTO Student_Class_Map (Student_ID, Class_ID) VALUES ('265528821','189');
	INSERT INTO Student_Class_Map (Student_ID, Class_ID) VALUES ('266490400','43');
	INSERT INTO Student_Class_Map (Student_ID, Class_ID) VALUES ('266490400','142');
	INSERT INTO Student_Class_Map (Student_ID, Class_ID) VALUES ('266490400','266');
	INSERT INTO Student_Class_Map (Student_ID, Class_ID) VALUES ('267229407','156');
	INSERT INTO Student_Class_Map (Student_ID, Class_ID) VALUES ('267229407','49');
	INSERT INTO Student_Class_Map (Student_ID, Class_ID) VALUES ('267229407','237');
	INSERT INTO Student_Class_Map (Student_ID, Class_ID) VALUES ('268987824','285');
	INSERT INTO Student_Class_Map (Student_ID, Class_ID) VALUES ('268987824','22');
	INSERT INTO Student_Class_Map (Student_ID, Class_ID) VALUES ('268987824','134');
	INSERT INTO Student_Class_Map (Student_ID, Class_ID) VALUES ('269220229','121');
	INSERT INTO Student_Class_Map (Student_ID, Class_ID) VALUES ('269220229','192');
	INSERT INTO Student_Class_Map (Student_ID, Class_ID) VALUES ('269220229','214');
	INSERT INTO Student_Class_Map (Student_ID, Class_ID) VALUES ('275136461','103');
	INSERT INTO Student_Class_Map (Student_ID, Class_ID) VALUES ('275136461','315');
	INSERT INTO Student_Class_Map (Student_ID, Class_ID) VALUES ('275136461','19');
	INSERT INTO Student_Class_Map (Student_ID, Class_ID) VALUES ('280329888','190');
	INSERT INTO Student_Class_Map (Student_ID, Class_ID) VALUES ('280329888','64');
	INSERT INTO Student_Class_Map (Student_ID, Class_ID) VALUES ('280329888','156');
	INSERT INTO Student_Class_Map (Student_ID, Class_ID) VALUES ('282676352','122');
	INSERT INTO Student_Class_Map (Student_ID, Class_ID) VALUES ('282676352','7');
	INSERT INTO Student_Class_Map (Student_ID, Class_ID) VALUES ('282676352','298');
	INSERT INTO Student_Class_Map (Student_ID, Class_ID) VALUES ('283492316','7');
	INSERT INTO Student_Class_Map (Student_ID, Class_ID) VALUES ('283492316','152');
	INSERT INTO Student_Class_Map (Student_ID, Class_ID) VALUES ('283492316','4');
	INSERT INTO Student_Class_Map (Student_ID, Class_ID) VALUES ('289746168','317');
	INSERT INTO Student_Class_Map (Student_ID, Class_ID) VALUES ('289746168','144');
	INSERT INTO Student_Class_Map (Student_ID, Class_ID) VALUES ('289746168','255');
	INSERT INTO Student_Class_Map (Student_ID, Class_ID) VALUES ('291800969','73');
	INSERT INTO Student_Class_Map (Student_ID, Class_ID) VALUES ('291800969','158');
	INSERT INTO Student_Class_Map (Student_ID, Class_ID) VALUES ('291800969','46');
	INSERT INTO Student_Class_Map (Student_ID, Class_ID) VALUES ('292282903','74');
	INSERT INTO Student_Class_Map (Student_ID, Class_ID) VALUES ('292282903','291');
	INSERT INTO Student_Class_Map (Student_ID, Class_ID) VALUES ('292282903','196');
	INSERT INTO Student_Class_Map (Student_ID, Class_ID) VALUES ('296389312','283');
	INSERT INTO Student_Class_Map (Student_ID, Class_ID) VALUES ('296389312','266');
	INSERT INTO Student_Class_Map (Student_ID, Class_ID) VALUES ('296389312','286');
	INSERT INTO Student_Class_Map (Student_ID, Class_ID) VALUES ('299269689','300');
	INSERT INTO Student_Class_Map (Student_ID, Class_ID) VALUES ('299269689','253');
	INSERT INTO Student_Class_Map (Student_ID, Class_ID) VALUES ('299269689','83');
	INSERT INTO Student_Class_Map (Student_ID, Class_ID) VALUES ('300574675','35');
	INSERT INTO Student_Class_Map (Student_ID, Class_ID) VALUES ('300574675','23');
	INSERT INTO Student_Class_Map (Student_ID, Class_ID) VALUES ('300574675','244');
	INSERT INTO Student_Class_Map (Student_ID, Class_ID) VALUES ('301042687','267');
	INSERT INTO Student_Class_Map (Student_ID, Class_ID) VALUES ('301042687','247');
	INSERT INTO Student_Class_Map (Student_ID, Class_ID) VALUES ('301042687','280');
	INSERT INTO Student_Class_Map (Student_ID, Class_ID) VALUES ('304463135','314');
	INSERT INTO Student_Class_Map (Student_ID, Class_ID) VALUES ('304463135','55');
	INSERT INTO Student_Class_Map (Student_ID, Class_ID) VALUES ('304463135','140');
	INSERT INTO Student_Class_Map (Student_ID, Class_ID) VALUES ('307737496','183');
	INSERT INTO Student_Class_Map (Student_ID, Class_ID) VALUES ('307737496','101');
	INSERT INTO Student_Class_Map (Student_ID, Class_ID) VALUES ('307737496','72');
	INSERT INTO Student_Class_Map (Student_ID, Class_ID) VALUES ('314560674','203');
	INSERT INTO Student_Class_Map (Student_ID, Class_ID) VALUES ('314560674','337');
	INSERT INTO Student_Class_Map (Student_ID, Class_ID) VALUES ('314560674','302');
	INSERT INTO Student_Class_Map (Student_ID, Class_ID) VALUES ('316358589','34');
	INSERT INTO Student_Class_Map (Student_ID, Class_ID) VALUES ('316358589','142');
	INSERT INTO Student_Class_Map (Student_ID, Class_ID) VALUES ('316358589','325');
	INSERT INTO Student_Class_Map (Student_ID, Class_ID) VALUES ('316358589','80');
	INSERT INTO Student_Class_Map (Student_ID, Class_ID) VALUES ('317645301','66');
	INSERT INTO Student_Class_Map (Student_ID, Class_ID) VALUES ('317645301','120');
	INSERT INTO Student_Class_Map (Student_ID, Class_ID) VALUES ('317645301','228');
	INSERT INTO Student_Class_Map (Student_ID, Class_ID) VALUES ('318258622','144');
	INSERT INTO Student_Class_Map (Student_ID, Class_ID) VALUES ('318258622','255');
	INSERT INTO Student_Class_Map (Student_ID, Class_ID) VALUES ('318258622','2');
	INSERT INTO Student_Class_Map (Student_ID, Class_ID) VALUES ('319904087','15');
	INSERT INTO Student_Class_Map (Student_ID, Class_ID) VALUES ('319904087','71');
	INSERT INTO Student_Class_Map (Student_ID, Class_ID) VALUES ('319904087','196');
	INSERT INTO Student_Class_Map (Student_ID, Class_ID) VALUES ('321881776','94');
	INSERT INTO Student_Class_Map (Student_ID, Class_ID) VALUES ('321881776','30');
	INSERT INTO Student_Class_Map (Student_ID, Class_ID) VALUES ('321881776','40');
	INSERT INTO Student_Class_Map (Student_ID, Class_ID) VALUES ('324559427','240');
	INSERT INTO Student_Class_Map (Student_ID, Class_ID) VALUES ('324559427','223');
	INSERT INTO Student_Class_Map (Student_ID, Class_ID) VALUES ('324559427','201');
	INSERT INTO Student_Class_Map (Student_ID, Class_ID) VALUES ('324587118','269');
	INSERT INTO Student_Class_Map (Student_ID, Class_ID) VALUES ('324587118','238');
	INSERT INTO Student_Class_Map (Student_ID, Class_ID) VALUES ('324587118','225');
	INSERT INTO Student_Class_Map (Student_ID, Class_ID) VALUES ('324587118','123');
	INSERT INTO Student_Class_Map (Student_ID, Class_ID) VALUES ('326840421','139');
	INSERT INTO Student_Class_Map (Student_ID, Class_ID) VALUES ('326840421','169');
	INSERT INTO Student_Class_Map (Student_ID, Class_ID) VALUES ('326840421','166');
	INSERT INTO Student_Class_Map (Student_ID, Class_ID) VALUES ('334071336','57');
	INSERT INTO Student_Class_Map (Student_ID, Class_ID) VALUES ('334071336','261');
	INSERT INTO Student_Class_Map (Student_ID, Class_ID) VALUES ('334071336','76');
	INSERT INTO Student_Class_Map (Student_ID, Class_ID) VALUES ('338758662','221');
	INSERT INTO Student_Class_Map (Student_ID, Class_ID) VALUES ('338758662','210');
	INSERT INTO Student_Class_Map (Student_ID, Class_ID) VALUES ('338758662','284');
	INSERT INTO Student_Class_Map (Student_ID, Class_ID) VALUES ('340341854','219');
	INSERT INTO Student_Class_Map (Student_ID, Class_ID) VALUES ('340341854','65');
	INSERT INTO Student_Class_Map (Student_ID, Class_ID) VALUES ('340341854','107');
	INSERT INTO Student_Class_Map (Student_ID, Class_ID) VALUES ('340526328','178');
	INSERT INTO Student_Class_Map (Student_ID, Class_ID) VALUES ('340526328','223');
	INSERT INTO Student_Class_Map (Student_ID, Class_ID) VALUES ('340526328','123');
	INSERT INTO Student_Class_Map (Student_ID, Class_ID) VALUES ('340526328','320');
	INSERT INTO Student_Class_Map (Student_ID, Class_ID) VALUES ('342058330','42');
	INSERT INTO Student_Class_Map (Student_ID, Class_ID) VALUES ('342058330','184');
	INSERT INTO Student_Class_Map (Student_ID, Class_ID) VALUES ('342058330','232');
	INSERT INTO Student_Class_Map (Student_ID, Class_ID) VALUES ('344288495','174');
	INSERT INTO Student_Class_Map (Student_ID, Class_ID) VALUES ('344288495','7');
	INSERT INTO Student_Class_Map (Student_ID, Class_ID) VALUES ('344288495','123');
	INSERT INTO Student_Class_Map (Student_ID, Class_ID) VALUES ('345027855','183');
	INSERT INTO Student_Class_Map (Student_ID, Class_ID) VALUES ('345027855','24');
	INSERT INTO Student_Class_Map (Student_ID, Class_ID) VALUES ('345027855','324');
	INSERT INTO Student_Class_Map (Student_ID, Class_ID) VALUES ('351130447','92');
	INSERT INTO Student_Class_Map (Student_ID, Class_ID) VALUES ('351130447','11');
	INSERT INTO Student_Class_Map (Student_ID, Class_ID) VALUES ('351130447','126');
	INSERT INTO Student_Class_Map (Student_ID, Class_ID) VALUES ('351130447','180');
	INSERT INTO Student_Class_Map (Student_ID, Class_ID) VALUES ('351825683','145');
	INSERT INTO Student_Class_Map (Student_ID, Class_ID) VALUES ('351825683','77');
	INSERT INTO Student_Class_Map (Student_ID, Class_ID) VALUES ('351825683','39');
	INSERT INTO Student_Class_Map (Student_ID, Class_ID) VALUES ('352531531','104');
	INSERT INTO Student_Class_Map (Student_ID, Class_ID) VALUES ('352531531','155');
	INSERT INTO Student_Class_Map (Student_ID, Class_ID) VALUES ('352531531','163');
	INSERT INTO Student_Class_Map (Student_ID, Class_ID) VALUES ('353579791','57');
	INSERT INTO Student_Class_Map (Student_ID, Class_ID) VALUES ('353579791','47');
	INSERT INTO Student_Class_Map (Student_ID, Class_ID) VALUES ('353579791','149');
	INSERT INTO Student_Class_Map (Student_ID, Class_ID) VALUES ('354648265','137');
	INSERT INTO Student_Class_Map (Student_ID, Class_ID) VALUES ('354648265','183');
	INSERT INTO Student_Class_Map (Student_ID, Class_ID) VALUES ('354648265','58');
	INSERT INTO Student_Class_Map (Student_ID, Class_ID) VALUES ('355609731','251');
	INSERT INTO Student_Class_Map (Student_ID, Class_ID) VALUES ('355609731','23');
	INSERT INTO Student_Class_Map (Student_ID, Class_ID) VALUES ('355609731','116');
	INSERT INTO Student_Class_Map (Student_ID, Class_ID) VALUES ('360459292','271');
	INSERT INTO Student_Class_Map (Student_ID, Class_ID) VALUES ('360459292','20');
	INSERT INTO Student_Class_Map (Student_ID, Class_ID) VALUES ('360459292','137');
	INSERT INTO Student_Class_Map (Student_ID, Class_ID) VALUES ('362887634','111');
	INSERT INTO Student_Class_Map (Student_ID, Class_ID) VALUES ('362887634','239');
	INSERT INTO Student_Class_Map (Student_ID, Class_ID) VALUES ('362887634','213');
	INSERT INTO Student_Class_Map (Student_ID, Class_ID) VALUES ('364839043','174');
	INSERT INTO Student_Class_Map (Student_ID, Class_ID) VALUES ('364839043','260');
	INSERT INTO Student_Class_Map (Student_ID, Class_ID) VALUES ('364839043','74');
	INSERT INTO Student_Class_Map (Student_ID, Class_ID) VALUES ('365690098','68');
	INSERT INTO Student_Class_Map (Student_ID, Class_ID) VALUES ('365690098','205');
	INSERT INTO Student_Class_Map (Student_ID, Class_ID) VALUES ('365690098','67');
	INSERT INTO Student_Class_Map (Student_ID, Class_ID) VALUES ('370036114','3');
	INSERT INTO Student_Class_Map (Student_ID, Class_ID) VALUES ('370036114','248');
	INSERT INTO Student_Class_Map (Student_ID, Class_ID) VALUES ('370036114','98');
	INSERT INTO Student_Class_Map (Student_ID, Class_ID) VALUES ('370821353','295');
	INSERT INTO Student_Class_Map (Student_ID, Class_ID) VALUES ('370821353','35');
	INSERT INTO Student_Class_Map (Student_ID, Class_ID) VALUES ('370821353','278');
	INSERT INTO Student_Class_Map (Student_ID, Class_ID) VALUES ('371924965','262');
	INSERT INTO Student_Class_Map (Student_ID, Class_ID) VALUES ('371924965','335');
	INSERT INTO Student_Class_Map (Student_ID, Class_ID) VALUES ('371924965','233');
	INSERT INTO Student_Class_Map (Student_ID, Class_ID) VALUES ('372866803','188');
	INSERT INTO Student_Class_Map (Student_ID, Class_ID) VALUES ('372866803','325');
	INSERT INTO Student_Class_Map (Student_ID, Class_ID) VALUES ('372866803','319');
	INSERT INTO Student_Class_Map (Student_ID, Class_ID) VALUES ('373974755','137');
	INSERT INTO Student_Class_Map (Student_ID, Class_ID) VALUES ('373974755','297');
	INSERT INTO Student_Class_Map (Student_ID, Class_ID) VALUES ('373974755','319');
	INSERT INTO Student_Class_Map (Student_ID, Class_ID) VALUES ('379977143','221');
	INSERT INTO Student_Class_Map (Student_ID, Class_ID) VALUES ('379977143','27');
	INSERT INTO Student_Class_Map (Student_ID, Class_ID) VALUES ('379977143','170');
	INSERT INTO Student_Class_Map (Student_ID, Class_ID) VALUES ('380056934','111');
	INSERT INTO Student_Class_Map (Student_ID, Class_ID) VALUES ('380056934','37');
	INSERT INTO Student_Class_Map (Student_ID, Class_ID) VALUES ('380056934','158');
	INSERT INTO Student_Class_Map (Student_ID, Class_ID) VALUES ('383584223','345');
	INSERT INTO Student_Class_Map (Student_ID, Class_ID) VALUES ('383584223','274');
	INSERT INTO Student_Class_Map (Student_ID, Class_ID) VALUES ('383584223','268');
	INSERT INTO Student_Class_Map (Student_ID, Class_ID) VALUES ('384405844','152');
	INSERT INTO Student_Class_Map (Student_ID, Class_ID) VALUES ('384405844','227');
	INSERT INTO Student_Class_Map (Student_ID, Class_ID) VALUES ('384405844','323');
	INSERT INTO Student_Class_Map (Student_ID, Class_ID) VALUES ('387867079','329');
	INSERT INTO Student_Class_Map (Student_ID, Class_ID) VALUES ('387867079','221');
	INSERT INTO Student_Class_Map (Student_ID, Class_ID) VALUES ('387867079','277');
	INSERT INTO Student_Class_Map (Student_ID, Class_ID) VALUES ('388270259','327');
	INSERT INTO Student_Class_Map (Student_ID, Class_ID) VALUES ('388270259','84');
	INSERT INTO Student_Class_Map (Student_ID, Class_ID) VALUES ('388270259','87');
	INSERT INTO Student_Class_Map (Student_ID, Class_ID) VALUES ('390675248','198');
	INSERT INTO Student_Class_Map (Student_ID, Class_ID) VALUES ('390675248','318');
	INSERT INTO Student_Class_Map (Student_ID, Class_ID) VALUES ('390675248','205');
	INSERT INTO Student_Class_Map (Student_ID, Class_ID) VALUES ('391387263','114');
	INSERT INTO Student_Class_Map (Student_ID, Class_ID) VALUES ('391387263','267');
	INSERT INTO Student_Class_Map (Student_ID, Class_ID) VALUES ('391387263','153');
	INSERT INTO Student_Class_Map (Student_ID, Class_ID) VALUES ('397273829','141');
	INSERT INTO Student_Class_Map (Student_ID, Class_ID) VALUES ('397273829','79');
	INSERT INTO Student_Class_Map (Student_ID, Class_ID) VALUES ('397273829','19');
	INSERT INTO Student_Class_Map (Student_ID, Class_ID) VALUES ('402478979','66');
	INSERT INTO Student_Class_Map (Student_ID, Class_ID) VALUES ('402478979','287');
	INSERT INTO Student_Class_Map (Student_ID, Class_ID) VALUES ('402478979','233');
	INSERT INTO Student_Class_Map (Student_ID, Class_ID) VALUES ('403044783','148');
	INSERT INTO Student_Class_Map (Student_ID, Class_ID) VALUES ('403044783','179');
	INSERT INTO Student_Class_Map (Student_ID, Class_ID) VALUES ('403044783','85');
	INSERT INTO Student_Class_Map (Student_ID, Class_ID) VALUES ('412529915','50');
	INSERT INTO Student_Class_Map (Student_ID, Class_ID) VALUES ('412529915','239');
	INSERT INTO Student_Class_Map (Student_ID, Class_ID) VALUES ('412529915','252');
	INSERT INTO Student_Class_Map (Student_ID, Class_ID) VALUES ('413658984','245');
	INSERT INTO Student_Class_Map (Student_ID, Class_ID) VALUES ('413658984','147');
	INSERT INTO Student_Class_Map (Student_ID, Class_ID) VALUES ('413658984','51');
	INSERT INTO Student_Class_Map (Student_ID, Class_ID) VALUES ('428011255','169');
	INSERT INTO Student_Class_Map (Student_ID, Class_ID) VALUES ('428011255','34');
	INSERT INTO Student_Class_Map (Student_ID, Class_ID) VALUES ('428011255','50');
	INSERT INTO Student_Class_Map (Student_ID, Class_ID) VALUES ('431659718','259');
	INSERT INTO Student_Class_Map (Student_ID, Class_ID) VALUES ('431659718','55');
	INSERT INTO Student_Class_Map (Student_ID, Class_ID) VALUES ('431659718','147');
	INSERT INTO Student_Class_Map (Student_ID, Class_ID) VALUES ('437290040','231');
	INSERT INTO Student_Class_Map (Student_ID, Class_ID) VALUES ('437290040','206');
	INSERT INTO Student_Class_Map (Student_ID, Class_ID) VALUES ('437290040','38');
	INSERT INTO Student_Class_Map (Student_ID, Class_ID) VALUES ('437686722','337');
	INSERT INTO Student_Class_Map (Student_ID, Class_ID) VALUES ('437686722','129');
	INSERT INTO Student_Class_Map (Student_ID, Class_ID) VALUES ('437686722','154');
	INSERT INTO Student_Class_Map (Student_ID, Class_ID) VALUES ('438957618','4');
	INSERT INTO Student_Class_Map (Student_ID, Class_ID) VALUES ('438957618','200');
	INSERT INTO Student_Class_Map (Student_ID, Class_ID) VALUES ('438957618','131');
	INSERT INTO Student_Class_Map (Student_ID, Class_ID) VALUES ('440367683','324');
	INSERT INTO Student_Class_Map (Student_ID, Class_ID) VALUES ('440367683','315');
	INSERT INTO Student_Class_Map (Student_ID, Class_ID) VALUES ('440367683','214');
	INSERT INTO Student_Class_Map (Student_ID, Class_ID) VALUES ('440367683','9');
	INSERT INTO Student_Class_Map (Student_ID, Class_ID) VALUES ('442712185','308');
	INSERT INTO Student_Class_Map (Student_ID, Class_ID) VALUES ('442712185','126');
	INSERT INTO Student_Class_Map (Student_ID, Class_ID) VALUES ('442712185','51');
	INSERT INTO Student_Class_Map (Student_ID, Class_ID) VALUES ('448296994','20');
	INSERT INTO Student_Class_Map (Student_ID, Class_ID) VALUES ('448296994','48');
	INSERT INTO Student_Class_Map (Student_ID, Class_ID) VALUES ('448296994','124');
	INSERT INTO Student_Class_Map (Student_ID, Class_ID) VALUES ('449340321','260');
	INSERT INTO Student_Class_Map (Student_ID, Class_ID) VALUES ('449340321','57');
	INSERT INTO Student_Class_Map (Student_ID, Class_ID) VALUES ('449340321','65');
	INSERT INTO Student_Class_Map (Student_ID, Class_ID) VALUES ('449340321','251');
	INSERT INTO Student_Class_Map (Student_ID, Class_ID) VALUES ('449623757','241');
	INSERT INTO Student_Class_Map (Student_ID, Class_ID) VALUES ('449623757','301');
	INSERT INTO Student_Class_Map (Student_ID, Class_ID) VALUES ('449623757','10');
	INSERT INTO Student_Class_Map (Student_ID, Class_ID) VALUES ('450134458','267');
	INSERT INTO Student_Class_Map (Student_ID, Class_ID) VALUES ('450134458','74');
	INSERT INTO Student_Class_Map (Student_ID, Class_ID) VALUES ('450134458','310');
	INSERT INTO Student_Class_Map (Student_ID, Class_ID) VALUES ('450301937','147');
	INSERT INTO Student_Class_Map (Student_ID, Class_ID) VALUES ('450301937','127');
	INSERT INTO Student_Class_Map (Student_ID, Class_ID) VALUES ('450301937','234');
	INSERT INTO Student_Class_Map (Student_ID, Class_ID) VALUES ('450432723','32');
	INSERT INTO Student_Class_Map (Student_ID, Class_ID) VALUES ('450432723','2');
	INSERT INTO Student_Class_Map (Student_ID, Class_ID) VALUES ('450432723','138');
	INSERT INTO Student_Class_Map (Student_ID, Class_ID) VALUES ('450432723','320');
	INSERT INTO Student_Class_Map (Student_ID, Class_ID) VALUES ('453238172','266');
	INSERT INTO Student_Class_Map (Student_ID, Class_ID) VALUES ('453238172','214');
	INSERT INTO Student_Class_Map (Student_ID, Class_ID) VALUES ('453238172','165');
	INSERT INTO Student_Class_Map (Student_ID, Class_ID) VALUES ('453281355','293');
	INSERT INTO Student_Class_Map (Student_ID, Class_ID) VALUES ('453281355','246');
	INSERT INTO Student_Class_Map (Student_ID, Class_ID) VALUES ('453281355','166');
	INSERT INTO Student_Class_Map (Student_ID, Class_ID) VALUES ('457730822','30');
	INSERT INTO Student_Class_Map (Student_ID, Class_ID) VALUES ('457730822','307');
	INSERT INTO Student_Class_Map (Student_ID, Class_ID) VALUES ('457730822','162');
	INSERT INTO Student_Class_Map (Student_ID, Class_ID) VALUES ('457730822','265');
	INSERT INTO Student_Class_Map (Student_ID, Class_ID) VALUES ('464258240','288');
	INSERT INTO Student_Class_Map (Student_ID, Class_ID) VALUES ('464258240','67');
	INSERT INTO Student_Class_Map (Student_ID, Class_ID) VALUES ('464258240','196');
	INSERT INTO Student_Class_Map (Student_ID, Class_ID) VALUES ('466472349','166');
	INSERT INTO Student_Class_Map (Student_ID, Class_ID) VALUES ('466472349','142');
	INSERT INTO Student_Class_Map (Student_ID, Class_ID) VALUES ('466472349','208');
	INSERT INTO Student_Class_Map (Student_ID, Class_ID) VALUES ('466472349','63');
	INSERT INTO Student_Class_Map (Student_ID, Class_ID) VALUES ('467129309','220');
	INSERT INTO Student_Class_Map (Student_ID, Class_ID) VALUES ('467129309','296');
	INSERT INTO Student_Class_Map (Student_ID, Class_ID) VALUES ('467129309','280');
	INSERT INTO Student_Class_Map (Student_ID, Class_ID) VALUES ('468807303','118');
	INSERT INTO Student_Class_Map (Student_ID, Class_ID) VALUES ('468807303','345');
	INSERT INTO Student_Class_Map (Student_ID, Class_ID) VALUES ('468807303','76');
	INSERT INTO Student_Class_Map (Student_ID, Class_ID) VALUES ('471395037','231');
	INSERT INTO Student_Class_Map (Student_ID, Class_ID) VALUES ('471395037','75');
	INSERT INTO Student_Class_Map (Student_ID, Class_ID) VALUES ('471395037','318');
	INSERT INTO Student_Class_Map (Student_ID, Class_ID) VALUES ('473604800','90');
	INSERT INTO Student_Class_Map (Student_ID, Class_ID) VALUES ('473604800','235');
	INSERT INTO Student_Class_Map (Student_ID, Class_ID) VALUES ('473604800','83');
	INSERT INTO Student_Class_Map (Student_ID, Class_ID) VALUES ('473604800','4');
	INSERT INTO Student_Class_Map (Student_ID, Class_ID) VALUES ('475033393','332');
	INSERT INTO Student_Class_Map (Student_ID, Class_ID) VALUES ('475033393','169');
	INSERT INTO Student_Class_Map (Student_ID, Class_ID) VALUES ('475033393','242');
	INSERT INTO Student_Class_Map (Student_ID, Class_ID) VALUES ('478137341','300');
	INSERT INTO Student_Class_Map (Student_ID, Class_ID) VALUES ('478137341','226');
	INSERT INTO Student_Class_Map (Student_ID, Class_ID) VALUES ('478137341','116');
	INSERT INTO Student_Class_Map (Student_ID, Class_ID) VALUES ('478969815','99');
	INSERT INTO Student_Class_Map (Student_ID, Class_ID) VALUES ('478969815','84');
	INSERT INTO Student_Class_Map (Student_ID, Class_ID) VALUES ('478969815','90');
	INSERT INTO Student_Class_Map (Student_ID, Class_ID) VALUES ('480684449','75');
	INSERT INTO Student_Class_Map (Student_ID, Class_ID) VALUES ('480684449','181');
	INSERT INTO Student_Class_Map (Student_ID, Class_ID) VALUES ('480684449','198');
	INSERT INTO Student_Class_Map (Student_ID, Class_ID) VALUES ('481914465','279');
	INSERT INTO Student_Class_Map (Student_ID, Class_ID) VALUES ('481914465','253');
	INSERT INTO Student_Class_Map (Student_ID, Class_ID) VALUES ('481914465','152');
	INSERT INTO Student_Class_Map (Student_ID, Class_ID) VALUES ('482316762','42');
	INSERT INTO Student_Class_Map (Student_ID, Class_ID) VALUES ('482316762','197');
	INSERT INTO Student_Class_Map (Student_ID, Class_ID) VALUES ('482316762','158');
	INSERT INTO Student_Class_Map (Student_ID, Class_ID) VALUES ('486143295','269');
	INSERT INTO Student_Class_Map (Student_ID, Class_ID) VALUES ('486143295','158');
	INSERT INTO Student_Class_Map (Student_ID, Class_ID) VALUES ('486143295','155');
	INSERT INTO Student_Class_Map (Student_ID, Class_ID) VALUES ('486143295','325');
	INSERT INTO Student_Class_Map (Student_ID, Class_ID) VALUES ('492388040','21');
	INSERT INTO Student_Class_Map (Student_ID, Class_ID) VALUES ('492388040','165');
	INSERT INTO Student_Class_Map (Student_ID, Class_ID) VALUES ('492388040','318');
	INSERT INTO Student_Class_Map (Student_ID, Class_ID) VALUES ('496213861','134');
	INSERT INTO Student_Class_Map (Student_ID, Class_ID) VALUES ('496213861','135');
	INSERT INTO Student_Class_Map (Student_ID, Class_ID) VALUES ('496213861','237');
	INSERT INTO Student_Class_Map (Student_ID, Class_ID) VALUES ('497023295','268');
	INSERT INTO Student_Class_Map (Student_ID, Class_ID) VALUES ('497023295','143');
	INSERT INTO Student_Class_Map (Student_ID, Class_ID) VALUES ('497023295','130');
	INSERT INTO Student_Class_Map (Student_ID, Class_ID) VALUES ('499655833','325');
	INSERT INTO Student_Class_Map (Student_ID, Class_ID) VALUES ('499655833','16');
	INSERT INTO Student_Class_Map (Student_ID, Class_ID) VALUES ('499655833','74');
	INSERT INTO Student_Class_Map (Student_ID, Class_ID) VALUES ('507913710','244');
	INSERT INTO Student_Class_Map (Student_ID, Class_ID) VALUES ('507913710','190');
	INSERT INTO Student_Class_Map (Student_ID, Class_ID) VALUES ('507913710','30');
	INSERT INTO Student_Class_Map (Student_ID, Class_ID) VALUES ('507942915','329');
	INSERT INTO Student_Class_Map (Student_ID, Class_ID) VALUES ('507942915','343');
	INSERT INTO Student_Class_Map (Student_ID, Class_ID) VALUES ('507942915','32');
	INSERT INTO Student_Class_Map (Student_ID, Class_ID) VALUES ('510034235','150');
	INSERT INTO Student_Class_Map (Student_ID, Class_ID) VALUES ('510034235','67');
	INSERT INTO Student_Class_Map (Student_ID, Class_ID) VALUES ('510034235','70');
	INSERT INTO Student_Class_Map (Student_ID, Class_ID) VALUES ('515491054','8');
	INSERT INTO Student_Class_Map (Student_ID, Class_ID) VALUES ('515491054','69');
	INSERT INTO Student_Class_Map (Student_ID, Class_ID) VALUES ('515491054','222');
	INSERT INTO Student_Class_Map (Student_ID, Class_ID) VALUES ('515843111','215');
	INSERT INTO Student_Class_Map (Student_ID, Class_ID) VALUES ('515843111','281');
	INSERT INTO Student_Class_Map (Student_ID, Class_ID) VALUES ('515843111','24');
	INSERT INTO Student_Class_Map (Student_ID, Class_ID) VALUES ('516508364','225');
	INSERT INTO Student_Class_Map (Student_ID, Class_ID) VALUES ('516508364','210');
	INSERT INTO Student_Class_Map (Student_ID, Class_ID) VALUES ('516508364','9');
	INSERT INTO Student_Class_Map (Student_ID, Class_ID) VALUES ('519022726','185');
	INSERT INTO Student_Class_Map (Student_ID, Class_ID) VALUES ('519022726','124');
	INSERT INTO Student_Class_Map (Student_ID, Class_ID) VALUES ('519022726','177');
	INSERT INTO Student_Class_Map (Student_ID, Class_ID) VALUES ('521060500','150');
	INSERT INTO Student_Class_Map (Student_ID, Class_ID) VALUES ('521060500','324');
	INSERT INTO Student_Class_Map (Student_ID, Class_ID) VALUES ('521060500','229');
	INSERT INTO Student_Class_Map (Student_ID, Class_ID) VALUES ('521093246','29');
	INSERT INTO Student_Class_Map (Student_ID, Class_ID) VALUES ('521093246','59');
	INSERT INTO Student_Class_Map (Student_ID, Class_ID) VALUES ('521093246','28');
	INSERT INTO Student_Class_Map (Student_ID, Class_ID) VALUES ('521093246','217');
	INSERT INTO Student_Class_Map (Student_ID, Class_ID) VALUES ('522055587','111');
	INSERT INTO Student_Class_Map (Student_ID, Class_ID) VALUES ('522055587','181');
	INSERT INTO Student_Class_Map (Student_ID, Class_ID) VALUES ('522055587','183');
	INSERT INTO Student_Class_Map (Student_ID, Class_ID) VALUES ('522737630','129');
	INSERT INTO Student_Class_Map (Student_ID, Class_ID) VALUES ('522737630','90');
	INSERT INTO Student_Class_Map (Student_ID, Class_ID) VALUES ('522737630','320');
	INSERT INTO Student_Class_Map (Student_ID, Class_ID) VALUES ('524127125','207');
	INSERT INTO Student_Class_Map (Student_ID, Class_ID) VALUES ('524127125','325');
	INSERT INTO Student_Class_Map (Student_ID, Class_ID) VALUES ('524127125','126');
	INSERT INTO Student_Class_Map (Student_ID, Class_ID) VALUES ('524160584','183');
	INSERT INTO Student_Class_Map (Student_ID, Class_ID) VALUES ('524160584','313');
	INSERT INTO Student_Class_Map (Student_ID, Class_ID) VALUES ('524160584','44');
	INSERT INTO Student_Class_Map (Student_ID, Class_ID) VALUES ('526555548','100');
	INSERT INTO Student_Class_Map (Student_ID, Class_ID) VALUES ('526555548','187');
	INSERT INTO Student_Class_Map (Student_ID, Class_ID) VALUES ('526555548','258');
	INSERT INTO Student_Class_Map (Student_ID, Class_ID) VALUES ('526555548','283');
	INSERT INTO Student_Class_Map (Student_ID, Class_ID) VALUES ('528092886','185');
	INSERT INTO Student_Class_Map (Student_ID, Class_ID) VALUES ('528092886','202');
	INSERT INTO Student_Class_Map (Student_ID, Class_ID) VALUES ('528092886','42');
	INSERT INTO Student_Class_Map (Student_ID, Class_ID) VALUES ('532264948','296');
	INSERT INTO Student_Class_Map (Student_ID, Class_ID) VALUES ('532264948','69');
	INSERT INTO Student_Class_Map (Student_ID, Class_ID) VALUES ('532264948','47');
	INSERT INTO Student_Class_Map (Student_ID, Class_ID) VALUES ('532264948','16');
	INSERT INTO Student_Class_Map (Student_ID, Class_ID) VALUES ('533487145','64');
	INSERT INTO Student_Class_Map (Student_ID, Class_ID) VALUES ('533487145','92');
	INSERT INTO Student_Class_Map (Student_ID, Class_ID) VALUES ('533487145','42');
	INSERT INTO Student_Class_Map (Student_ID, Class_ID) VALUES ('537016291','7');
	INSERT INTO Student_Class_Map (Student_ID, Class_ID) VALUES ('537016291','142');
	INSERT INTO Student_Class_Map (Student_ID, Class_ID) VALUES ('537016291','66');
	INSERT INTO Student_Class_Map (Student_ID, Class_ID) VALUES ('537122489','283');
	INSERT INTO Student_Class_Map (Student_ID, Class_ID) VALUES ('537122489','286');
	INSERT INTO Student_Class_Map (Student_ID, Class_ID) VALUES ('537122489','310');
	INSERT INTO Student_Class_Map (Student_ID, Class_ID) VALUES ('539259078','119');
	INSERT INTO Student_Class_Map (Student_ID, Class_ID) VALUES ('539259078','62');
	INSERT INTO Student_Class_Map (Student_ID, Class_ID) VALUES ('539259078','237');
	INSERT INTO Student_Class_Map (Student_ID, Class_ID) VALUES ('541240028','272');
	INSERT INTO Student_Class_Map (Student_ID, Class_ID) VALUES ('541240028','239');
	INSERT INTO Student_Class_Map (Student_ID, Class_ID) VALUES ('541240028','258');
	INSERT INTO Student_Class_Map (Student_ID, Class_ID) VALUES ('541240028','203');
	INSERT INTO Student_Class_Map (Student_ID, Class_ID) VALUES ('542271488','164');
	INSERT INTO Student_Class_Map (Student_ID, Class_ID) VALUES ('542271488','178');
	INSERT INTO Student_Class_Map (Student_ID, Class_ID) VALUES ('542271488','194');
	INSERT INTO Student_Class_Map (Student_ID, Class_ID) VALUES ('542621155','38');
	INSERT INTO Student_Class_Map (Student_ID, Class_ID) VALUES ('542621155','148');
	INSERT INTO Student_Class_Map (Student_ID, Class_ID) VALUES ('542621155','108');
	INSERT INTO Student_Class_Map (Student_ID, Class_ID) VALUES ('546306566','143');
	INSERT INTO Student_Class_Map (Student_ID, Class_ID) VALUES ('546306566','133');
	INSERT INTO Student_Class_Map (Student_ID, Class_ID) VALUES ('546306566','113');
	INSERT INTO Student_Class_Map (Student_ID, Class_ID) VALUES ('547704854','29');
	INSERT INTO Student_Class_Map (Student_ID, Class_ID) VALUES ('547704854','50');
	INSERT INTO Student_Class_Map (Student_ID, Class_ID) VALUES ('547704854','283');
	INSERT INTO Student_Class_Map (Student_ID, Class_ID) VALUES ('547736852','17');
	INSERT INTO Student_Class_Map (Student_ID, Class_ID) VALUES ('547736852','339');
	INSERT INTO Student_Class_Map (Student_ID, Class_ID) VALUES ('547736852','240');
	INSERT INTO Student_Class_Map (Student_ID, Class_ID) VALUES ('551172318','83');
	INSERT INTO Student_Class_Map (Student_ID, Class_ID) VALUES ('551172318','33');
	INSERT INTO Student_Class_Map (Student_ID, Class_ID) VALUES ('551172318','10');
	INSERT INTO Student_Class_Map (Student_ID, Class_ID) VALUES ('552364281','22');
	INSERT INTO Student_Class_Map (Student_ID, Class_ID) VALUES ('552364281','191');
	INSERT INTO Student_Class_Map (Student_ID, Class_ID) VALUES ('552364281','236');
	INSERT INTO Student_Class_Map (Student_ID, Class_ID) VALUES ('554673227','323');
	INSERT INTO Student_Class_Map (Student_ID, Class_ID) VALUES ('554673227','123');
	INSERT INTO Student_Class_Map (Student_ID, Class_ID) VALUES ('554673227','220');
	

commit;
